Workbook

Sheet README
A1: BOF Slag Mineralization
A3: Final process stage after pH-swing impurity removal: carbonate generation, CaCO3 precipitation, solid recovery, and CO2 storage.
A5: Process overview | B5: Process overview | C5: Process overview | D5: Process overview | E5: Process overview | F5: Process overview | G5: Process overview | H5: Process overview
A6: A purified Ca-rich BOF leachate is mineralized using carbonate generated by reacting CO2 with 2 M NaOH. The resulting Na2CO3 solution supplies carbonate ions, which precipitate dissolved Ca2+ as CaCO3. The precipitate is separated, dried, and quantified.
A11: Chemical reactions | B11: Chemical reactions | C11: Chemical reactions | D11: Chemical reactions | E11: Chemical reactions | F11: Chemical reactions | G11: Chemical reactions | H11: Chemical reactions
A12: Carbonate generation | B12: 2NaOH(aq) + CO2(g) -> Na2CO3(aq) + H2O(l)
A13: Molecular precipitation | B13: CaCl2(aq) + Na2CO3(aq) -> CaCO3(s) + 2NaCl(aq)
A14: Net ionic precipitation | B14: Ca2+(aq) + CO3^2-(aq) -> CaCO3(s)
A15: General divalent-ion reaction | B15: M2+(aq) + CO3^2-(aq) -> MCO3(s)
A17: Core performance equations | B17: Core performance equations | C17: Core performance equations | D17: Core performance equations | E17: Core performance equations | F17: Core performance equations | G17: Core performance equations | H17: Core performance equations
A18: CO2 stored in recovered product | B18: m(CO2) = m(dry product) x CaCO3 purity x [M(CO2) / M(CaCO3)]
A19: Equivalent slag mass | B19: m(slag equivalent) = m(slag test) x [V(purified solution) / V(extraction leachate)]
A20: CO2 storage capacity | B20: CO2 capacity (kg/t slag) = [m(CO2 stored) / m(slag equivalent)] x 1000
A21: Overall Ca-to-CaCO3 recovery | B21: Recovery (%) = CaCO3 recovered / CaCO3 theoretical x 100

Sheet Inputs
A1: Mineralization Inputs
A3: Yellow cells are editable.
A5: ID | B5: Input parameter | C5: Value | D5: Unit | E5: Basis / note | F5: Data status
A6: I01 | B6: Purified BOF solution volume | C6: 1 | D6: L | E6: Final purified solution from pH swing | F6: Measured
A7: I02 | B7: Calcium concentration | C7: 8.97311 | D7: g/L | E7: ICP concentration in purified solution | F7: Measured
A8: I03 | B8: Na2CO3 concentration | C8: 1 | D8: mol/L | E8: Generated from CO2 and 2 M NaOH | F8: Process
A9: I04 | B9: Carbonate excess | C9: 0.05 | D9: fraction | E9: Excess above stoichiometric requirement | F9: Process
A10: I05 | B10: Calcium precipitation efficiency | C10: 0.98 | D10: fraction | E10: Fraction of dissolved Ca precipitated | F10: Measured
A11: I06 | B11: Solid recovery | C11: 0.9 | D11: fraction | E11: Recovered fraction after S/L separation | F11: Measured
A12: I07 | B12: CaCO3 purity in dry product | C12: 0.95 | D12: fraction | E12: Mass fraction of CaCO3 in recovered solid | F12: Measured
A13: I08 | B13: BOF slag mass used in extraction | C13: 10 | D13: g | E13: Original extraction basis | F13: Measured
A14: I09 | B14: Extraction leachate volume | C14: 0.15 | D14: L | E14: Leachate produced from the slag test | F14: Measured
A15: I10 | B15: Molar mass of Ca | C15: 40.078 | D15: g/mol | E15: Atomic molar mass | F15: Constant
A16: I11 | B16: Molar mass of CaCO3 | C16: 100.086 | D16: g/mol | E16: Formula molar mass | F16: Constant
A18: I12 | B18: Molar mass of CO2 | C18: 44.01 | D18: g/mol | E18: Formula molar mass | F18: Constant

Sheet Calculations
A1: Stoichiometry and Mass Balance
A3: All result cells are linked to the editable Inputs sheet; no output is manually entered.
A5: Step | B5: Calculated quantity | C5: Formula / relationship | D5: Result | E5: Unit | F5: Interpretation | G5: Check
A6: 1 | B6: Calcium mass in purified solution | C6: solution volume x Ca concentration | D6: =Inputs!C6*Inputs!C7 -> 8.97311 | E6: g | F6: Total Ca available for mineralization | G6: =IF(D6>0,"OK","CHECK") -> OK
A7: 2 | B7: Moles of dissolved calcium | C7: Ca mass / M(Ca) | D7: =D6/Inputs!C15 -> 0.22389116 | E7: mol | F7: 1:1 with carbonate | G7: =IF(D7>0,"OK","CHECK") -> OK
A8: 3 | B8: Stoichiometric carbonate requirement | C8: 1 mol CO3^2- per mol Ca2+ | D8: =D7 -> 0.22389116 | E8: mol | F8: Minimum carbonate moles | G8: =IF(ABS(D8-D7)<0.000001,"1:1","CHECK") -> 1:1
A9: 4 | B9: Stoichiometric Na2CO3 volume | C9: carbonate moles / Na2CO3 concentration | D9: =D8/Inputs!C8 -> 0.22389116 | E9: L | F9: 223.9 mL on the current basis | G9: =IF(D9>0,"OK","CHECK") -> OK
A10: 5 | B10: Actual Na2CO3 volume added | C10: stoichiometric volume x (1 + excess) | D10: =D9*(1+Inputs!C9) -> 0.23508572 | E10: L | F10: Includes 5% carbonate excess | G10: =IF(D10>=D9,"OK","CHECK") -> OK
A11: 6 | B11: Theoretical CaCO3 | C11: Ca moles x M(CaCO3) | D11: =D7*Inputs!C16 -> 22.408371 | E11: g | F11: Maximum CaCO3 from dissolved Ca | G11: =IF(D11>0,"OK","CHECK") -> OK
A12: 7 | B12: CaCO3 formed before separation | C12: theoretical CaCO3 x precipitation efficiency | D12: =D11*Inputs!C10 -> 21.960203 | E12: g | F12: After precipitation efficiency | G12: =IF(D12<=D11,"OK","CHECK") -> OK
A13: 8 | B13: Recovered CaCO3 in product | C13: formed CaCO3 x solid recovery | D13: =D12*Inputs!C11 -> 19.764183 | E13: g | F13: After solid-liquid separation | G13: =IF(D13<=D12,"OK","CHECK") -> OK
A14: 9 | B14: Recovered dry precipitate | C14: recovered CaCO3 / product purity | D14: =D13/Inputs!C12 -> 20.804403 | E14: g | F14: Includes non-CaCO3 fraction | G14: =IF(D14>=D13,"OK","CHECK") -> OK
A15: 10 | B15: Overall Ca-to-CaCO3 recovery | C15: precipitation efficiency x solid recovery | D15: =Inputs!C10*Inputs!C11 -> 0.882 | E15: % | F15: Combined precipitation and recovery | G15: =IF(D15<=1,"OK","CHECK") -> OK
A16: 11 | B16: Remaining dissolved calcium | C16: initial Ca x (1 - precipitation efficiency) | D16: =D6*(1-Inputs!C10) -> 0.1794622 | E16: g | F16: Calcium retained in solution | G16: =IF(D16>=0,"OK","CHECK") -> OK
A17: 12 | B17: Final liquid volume | C17: solution volume + carbonate solution volume | D17: =Inputs!C6+D10 -> 1.2350857 | E17: L | F17: Used for residual concentration | G17: =IF(D17>=Inputs!C6,"OK","CHECK") -> OK
A18: 13 | B18: Residual dissolved Ca concentration | C18: remaining dissolved Ca / final liquid volume | D18: =D16/D17*1000 -> 145.30344 | E18: mg/L | F18: Predicted final dissolved Ca | G18: =IF(D18>=0,"OK","CHECK") -> OK
A19: 14 | B19: CO2 stored before separation | C19: formed CaCO3 x M(CO2)/M(CaCO3) | D19: =D12*Inputs!C18/Inputs!C16 -> 9.656381 | E19: g | F19: Carbon mineralized before S/L loss | G19: =IF(D19>=D20,"OK","CHECK") -> OK
A20: 15 | B20: CO2 stored in recovered product | C20: recovered CaCO3 x M(CO2)/M(CaCO3) | D20: =D13*Inputs!C18/Inputs!C16 -> 8.6907429 | E20: g | F20: Carbon retained in recovered product | G20: =IF(D20>0,"OK","CHECK") -> OK
A21: 16 | B21: Equivalent BOF slag mass | C21: slag mass x solution volume / extraction volume | D21: =Inputs!C13*Inputs!C6/Inputs!C14 -> 66.666667 | E21: g slag | F21: Slag represented by 1 L solution | G21: =IF(D21>0,"OK","CHECK") -> OK
A22: 17 | B22: CO2 capacity before separation | C22: CO2 before separation / equivalent slag mass x 1000 | D22: =D19/D21*1000 -> 144.84572 | E22: kg CO2/t slag | F22: Intrinsic mineralization performance | G22: =IF(D22>=D23,"OK","CHECK") -> OK
A23: 18 | B23: Recovered CO2 storage capacity | C23: CO2 in product / equivalent slag mass x 1000 | D23: =D20/D21*1000 -> 130.36114 | E23: kg CO2/t slag | F23: Final recovered-product performance | G23: =IF(D23>0,"OK","CHECK") -> OK

Sheet Chart Data
A1: Chart Data
A3: Formula-linked helper tables used by the Dashboard figures.
A5: CaCO3 stage | B5: Mass (g) | D5: CO2 capacity basis | E5: kg CO2/t slag | G5: Efficiency | H5: %
A6: Theoretical | B6: =Calculations!D11 -> 22.408371 | D6: Before separation | E6: =Calculations!D22 -> 144.84572 | G6: Ca precipitation | H6: =Inputs!C10*100 -> 98
A7: Formed before S/L | B7: =Calculations!D12 -> 21.960203 | D7: Recovered product | E7: =Calculations!D23 -> 130.36114 | G7: Solid recovery | H7: =Inputs!C11*100 -> 90
A8: Recovered in product | B8: =Calculations!D13 -> 19.764183 | G8: Overall recovery | H8: =Calculations!D15*100 -> 88.2
A12: Calcium destination | B12: Ca mass (g) | D12: Carbonate / CO2 metric | E12: Value
A13: Recovered product | B13: =Calculations!D13*Inputs!C15/Inputs!C16 -> 7.914283 | D13: CO2 supplied in carbonate (g) | E13: =Calculations!D10*Inputs!C8*Inputs!C18 -> 10.346123
A14: Separation loss | B14: =Calculations!D12*Inputs!C15/Inputs!C16-B13 -> 0.87936478 | D14: CO2 stored in product (g) | E14: =Calculations!D20 -> 8.6907429
A15: Dissolved residual | B15: =Calculations!D16 -> 0.1794622 | D15: Carbonate-to-product utilization (%) | E15: =E14/E13*100 -> 84

Sheet Dashboard
A1: BOF Mineralization Dashboard
A3: Summary for 1.000 L of purified BOF solution.
A5: Recovered CaCO3 | B5: Recovered CaCO3 | C5: Recovered CaCO3 | E5: Recovered dry product | F5: Recovered dry product | G5: Recovered dry product | I5: Overall recovery | J5: Overall recovery | K5: Overall recovery
A6: =Calculations!D13 -> 19.764183 | E6: =Calculations!D14 -> 20.804403 | I6: =Calculations!D15 -> 0.882
A10: CO2 stored | B10: CO2 stored | C10: CO2 stored | E10: Recovered CO2 capacity | F10: Recovered CO2 capacity | G10: Recovered CO2 capacity | I10: Residual dissolved Ca | J10: Residual dissolved Ca | K10: Residual dissolved Ca
A11: =Calculations!D20 -> 8.6907429 | E11: =Calculations!D23 -> 130.36114 | I11: =Calculations!D18 -> 145.30344
A49: Performance basis: 1.000 L purified solution corresponds to 66.67 g BOF slag from the 10 g / 0.150 L extraction basis. Charts are linked to the Inputs and Calculations sheets.
