Workbook

Sheet BOF Dataset
A1: BOF HCl dataset | B1: Synthetic BOF HCl dataset: modelling assumptions | C1: Synthetic BOF HCl dataset: modelling assumptions | D1: Synthetic BOF HCl dataset: modelling assumptions | E1: Synthetic BOF HCl dataset: modelling assumptions | F1: Synthetic BOF HCl dataset: modelling assumptions | G1: Synthetic BOF HCl dataset: modelling assumptions
A3: Input | B3: Value | C3: Unit | D3: Chemical basis | E3: Element fraction | F3: Element inventory (mg) | G3: Purpose
A4: BOF mass | B4: 10 | C4: g | D4: Model basis | E4: 1 | F4: =B4*1000 -> 10000 | G4: Slag charge
A5: Leachate volume | B5: 0.15 | C5: L | D5: Model basis | E5: 1 | F5: =B5*1000 -> 150 | G5: Liquid basis
A6: CaO | B6: 0.5179 | C6: mass fraction | D6: CaO | E6: 0.71469586 | F6: =$B$4*1000*B6*E6 -> 3701.4099 | G6: Ca inventory
A7: Fe | B7: 0.1865 | C7: mass fraction | D7: Elemental Fe | E7: 1 | F7: =$B$4*1000*B7*E7 -> 1865 | G7: Fe inventory
A8: MgO | B8: 0.0397 | C8: mass fraction | D8: MgO | E8: 0.60304188 | F8: =$B$4*1000*B8*E8 -> 239.40763 | G8: Mg inventory
A9: Al₂O₃ | B9: 0.0185 | C9: mass fraction | D9: Al₂O₃ | E9: 0.52925693 | F9: =$B$4*1000*B9*E9 -> 97.912531 | G9: Al inventory
A10: MnO | B10: 0.0379 | C10: mass fraction | D10: MnO | E10: 0.77446199 | F10: =$B$4*1000*B10*E10 -> 293.52109 | G10: Mn inventory
A11: Cr₂O₃ | B11: 0.0031 | C11: mass fraction | D11: Cr₂O₃ | E11: 0.68420783 | F11: =$B$4*1000*B11*E11 -> 21.210443 | G11: Cr inventory
A14: Trial | B14: Ca recovery | C14: Fe recovery | D14: Mg recovery | E14: Al recovery | F14: Mn recovery | G14: Cr recovery
A15: BOF1 | B15: 0.756 | C15: 0.35 | D15: 0.4 | E15: 0.3 | F15: 0.45 | G15: 0.2
A16: BOF2 | B16: 0.69 | C16: 0.38 | D16: 0.42 | E16: 0.33 | F16: 0.47 | G16: 0.25
A17: BOF3 | B17: 0.82 | C17: 0.55 | D17: 0.58 | E17: 0.48 | F17: 0.63 | G17: 0.4
A18: BOF4 | B18: 0.706 | C18: 0.33 | D18: 0.38 | E18: 0.28 | F18: 0.42 | G18: 0.22
A19: BOF5 | B19: 0.602 | C19: 0.28 | D19: 0.34 | E19: 0.25 | F19: 0.36 | G19: 0.18
A20: BOF6 | B20: 0.91 | C20: 0.62 | D20: 0.65 | E20: 0.55 | F20: 0.7 | G20: 0.45

Sheet Balanced Data
A1: Mass-balanced BOF HCl concentrations
A3: Trial | B3: Ca (mg L⁻¹) | C3: Fe (mg L⁻¹) | D3: Mg (mg L⁻¹) | E3: Al (mg L⁻¹) | F3: Mn (mg L⁻¹) | G3: Cr (mg L⁻¹) | H3: Ca extracted (mg) | I3: Fe extracted (mg) | J3: Mg extracted (mg) | K3: Al extracted (mg) | L3: Mn extracted (mg) | M3: Cr extracted (mg) | N3: Total major metals (mg L⁻¹)
A4: ='BOF Dataset'!A15 -> BOF1 | B4: =('BOF Dataset'!$F$6*'BOF Dataset'!B15)/'BOF Dataset'!$B$5 -> 18655.106 | C4: =('BOF Dataset'!$F$7*'BOF Dataset'!C15)/'BOF Dataset'!$B$5 -> 4351.6667 | D4: =('BOF Dataset'!$F$8*'BOF Dataset'!D15)/'BOF Dataset'!$B$5 -> 638.42034 | E4: =('BOF Dataset'!$F$9*'BOF Dataset'!E15)/'BOF Dataset'!$B$5 -> 195.82506 | F4: =('BOF Dataset'!$F$10*'BOF Dataset'!F15)/'BOF Dataset'!$B$5 -> 880.56328 | G4: =('BOF Dataset'!$F$11*'BOF Dataset'!G15)/'BOF Dataset'!$B$5 -> 28.28059 | H4: =B4*'BOF Dataset'!$B$5 -> 2798.2659 | I4: =C4*'BOF Dataset'!$B$5 -> 652.75 | J4: =D4*'BOF Dataset'!$B$5 -> 95.763051 | K4: =E4*'BOF Dataset'!$B$5 -> 29.373759 | L4: =F4*'BOF Dataset'!$B$5 -> 132.08449 | M4: =G4*'BOF Dataset'!$B$5 -> 4.2420885 | N4: =SUM(B4:G4) -> 24749.862
A5: ='BOF Dataset'!A16 -> BOF2 | B5: =('BOF Dataset'!$F$6*'BOF Dataset'!B16)/'BOF Dataset'!$B$5 -> 17026.485 | C5: =('BOF Dataset'!$F$7*'BOF Dataset'!C16)/'BOF Dataset'!$B$5 -> 4724.6667 | D5: =('BOF Dataset'!$F$8*'BOF Dataset'!D16)/'BOF Dataset'!$B$5 -> 670.34136 | E5: =('BOF Dataset'!$F$9*'BOF Dataset'!E16)/'BOF Dataset'!$B$5 -> 215.40757 | F5: =('BOF Dataset'!$F$10*'BOF Dataset'!F16)/'BOF Dataset'!$B$5 -> 919.69942 | G5: =('BOF Dataset'!$F$11*'BOF Dataset'!G16)/'BOF Dataset'!$B$5 -> 35.350738 | H5: =B5*'BOF Dataset'!$B$5 -> 2553.9728 | I5: =C5*'BOF Dataset'!$B$5 -> 708.7 | J5: =D5*'BOF Dataset'!$B$5 -> 100.5512 | K5: =E5*'BOF Dataset'!$B$5 -> 32.311135 | L5: =F5*'BOF Dataset'!$B$5 -> 137.95491 | M5: =G5*'BOF Dataset'!$B$5 -> 5.3026106 | N5: =SUM(B5:G5) -> 23591.951
A6: ='BOF Dataset'!A17 -> BOF3 | B6: =('BOF Dataset'!$F$6*'BOF Dataset'!B17)/'BOF Dataset'!$B$5 -> 20234.374 | C6: =('BOF Dataset'!$F$7*'BOF Dataset'!C17)/'BOF Dataset'!$B$5 -> 6838.3333 | D6: =('BOF Dataset'!$F$8*'BOF Dataset'!D17)/'BOF Dataset'!$B$5 -> 925.70949 | E6: =('BOF Dataset'!$F$9*'BOF Dataset'!E17)/'BOF Dataset'!$B$5 -> 313.3201 | F6: =('BOF Dataset'!$F$10*'BOF Dataset'!F17)/'BOF Dataset'!$B$5 -> 1232.7886 | G6: =('BOF Dataset'!$F$11*'BOF Dataset'!G17)/'BOF Dataset'!$B$5 -> 56.56118 | H6: =B6*'BOF Dataset'!$B$5 -> 3035.1561 | I6: =C6*'BOF Dataset'!$B$5 -> 1025.75 | J6: =D6*'BOF Dataset'!$B$5 -> 138.85642 | K6: =E6*'BOF Dataset'!$B$5 -> 46.998015 | L6: =F6*'BOF Dataset'!$B$5 -> 184.91829 | M6: =G6*'BOF Dataset'!$B$5 -> 8.484177 | N6: =SUM(B6:G6) -> 29601.087
A7: ='BOF Dataset'!A18 -> BOF4 | B7: =('BOF Dataset'!$F$6*'BOF Dataset'!B18)/'BOF Dataset'!$B$5 -> 17421.303 | C7: =('BOF Dataset'!$F$7*'BOF Dataset'!C18)/'BOF Dataset'!$B$5 -> 4103 | D7: =('BOF Dataset'!$F$8*'BOF Dataset'!D18)/'BOF Dataset'!$B$5 -> 606.49932 | E7: =('BOF Dataset'!$F$9*'BOF Dataset'!E18)/'BOF Dataset'!$B$5 -> 182.77006 | F7: =('BOF Dataset'!$F$10*'BOF Dataset'!F18)/'BOF Dataset'!$B$5 -> 821.85906 | G7: =('BOF Dataset'!$F$11*'BOF Dataset'!G18)/'BOF Dataset'!$B$5 -> 31.108649 | H7: =B7*'BOF Dataset'!$B$5 -> 2613.1954 | I7: =C7*'BOF Dataset'!$B$5 -> 615.45 | J7: =D7*'BOF Dataset'!$B$5 -> 90.974898 | K7: =E7*'BOF Dataset'!$B$5 -> 27.415509 | L7: =F7*'BOF Dataset'!$B$5 -> 123.27886 | M7: =G7*'BOF Dataset'!$B$5 -> 4.6662974 | N7: =SUM(B7:G7) -> 23166.54
A8: ='BOF Dataset'!A19 -> BOF5 | B8: =('BOF Dataset'!$F$6*'BOF Dataset'!B19)/'BOF Dataset'!$B$5 -> 14854.992 | C8: =('BOF Dataset'!$F$7*'BOF Dataset'!C19)/'BOF Dataset'!$B$5 -> 3481.3333 | D8: =('BOF Dataset'!$F$8*'BOF Dataset'!D19)/'BOF Dataset'!$B$5 -> 542.65729 | E8: =('BOF Dataset'!$F$9*'BOF Dataset'!E19)/'BOF Dataset'!$B$5 -> 163.18755 | F8: =('BOF Dataset'!$F$10*'BOF Dataset'!F19)/'BOF Dataset'!$B$5 -> 704.45062 | G8: =('BOF Dataset'!$F$11*'BOF Dataset'!G19)/'BOF Dataset'!$B$5 -> 25.452531 | H8: =B8*'BOF Dataset'!$B$5 -> 2228.2487 | I8: =C8*'BOF Dataset'!$B$5 -> 522.2 | J8: =D8*'BOF Dataset'!$B$5 -> 81.398593 | K8: =E8*'BOF Dataset'!$B$5 -> 24.478133 | L8: =F8*'BOF Dataset'!$B$5 -> 105.66759 | M8: =G8*'BOF Dataset'!$B$5 -> 3.8178797 | N8: =SUM(B8:G8) -> 19772.073
A9: ='BOF Dataset'!A20 -> BOF6 | B9: =('BOF Dataset'!$F$6*'BOF Dataset'!B20)/'BOF Dataset'!$B$5 -> 22455.22 | C9: =('BOF Dataset'!$F$7*'BOF Dataset'!C20)/'BOF Dataset'!$B$5 -> 7708.6667 | D9: =('BOF Dataset'!$F$8*'BOF Dataset'!D20)/'BOF Dataset'!$B$5 -> 1037.4331 | E9: =('BOF Dataset'!$F$9*'BOF Dataset'!E20)/'BOF Dataset'!$B$5 -> 359.01262 | F9: =('BOF Dataset'!$F$10*'BOF Dataset'!F20)/'BOF Dataset'!$B$5 -> 1369.7651 | G9: =('BOF Dataset'!$F$11*'BOF Dataset'!G20)/'BOF Dataset'!$B$5 -> 63.631328 | H9: =B9*'BOF Dataset'!$B$5 -> 3368.283 | I9: =C9*'BOF Dataset'!$B$5 -> 1156.3 | J9: =D9*'BOF Dataset'!$B$5 -> 155.61496 | K9: =E9*'BOF Dataset'!$B$5 -> 53.851892 | L9: =F9*'BOF Dataset'!$B$5 -> 205.46476 | M9: =G9*'BOF Dataset'!$B$5 -> 9.5446992 | N9: =SUM(B9:G9) -> 32993.729

Sheet Recovery & Selectivity
A1: BOF HCl recovery and selectivity | B1: Synthetic BOF HCl recovery and selectivity | C1: Synthetic BOF HCl recovery and selectivity | D1: Synthetic BOF HCl recovery and selectivity | E1: Synthetic BOF HCl recovery and selectivity | F1: Synthetic BOF HCl recovery and selectivity | G1: Synthetic BOF HCl recovery and selectivity | H1: Synthetic BOF HCl recovery and selectivity | I1: Synthetic BOF HCl recovery and selectivity | J1: Synthetic BOF HCl recovery and selectivity
A5: Trial | B5: Ca recovery | C5: Fe recovery | D5: Mg recovery | E5: Al recovery | F5: Mn recovery | G5: Cr recovery | H5: Ca selectivity | I5: Ca/Fe ratio | J5: Maximum recovery
A6: ='BOF Dataset'!A15 -> BOF1 | B6: ='BOF Dataset'!B15 -> 0.756 | C6: ='BOF Dataset'!C15 -> 0.35 | D6: ='BOF Dataset'!D15 -> 0.4 | E6: ='BOF Dataset'!E15 -> 0.3 | F6: ='BOF Dataset'!F15 -> 0.45 | G6: ='BOF Dataset'!G15 -> 0.2 | H6: ='Balanced Data'!B4/'Balanced Data'!N4 -> 0.75374586 | I6: ='Balanced Data'!B4/'Balanced Data'!C4 -> 4.2868876 | J6: =MAX(B6:G6) -> 0.756
A7: ='BOF Dataset'!A16 -> BOF2 | B7: ='BOF Dataset'!B16 -> 0.69 | C7: ='BOF Dataset'!C16 -> 0.38 | D7: ='BOF Dataset'!D16 -> 0.42 | E7: ='BOF Dataset'!E16 -> 0.33 | F7: ='BOF Dataset'!F16 -> 0.47 | G7: ='BOF Dataset'!G16 -> 0.25 | H7: ='Balanced Data'!B5/'Balanced Data'!N5 -> 0.72170739 | I7: ='Balanced Data'!B5/'Balanced Data'!C5 -> 3.6037432 | J7: =MAX(B7:G7) -> 0.69
A8: ='BOF Dataset'!A17 -> BOF3 | B8: ='BOF Dataset'!B17 -> 0.82 | C8: ='BOF Dataset'!C17 -> 0.55 | D8: ='BOF Dataset'!D17 -> 0.58 | E8: ='BOF Dataset'!E17 -> 0.48 | F8: ='BOF Dataset'!F17 -> 0.63 | G8: ='BOF Dataset'!G17 -> 0.4 | H8: ='Balanced Data'!B6/'Balanced Data'!N6 -> 0.68356862 | I8: ='Balanced Data'!B6/'Balanced Data'!C6 -> 2.9589628 | J8: =MAX(B8:G8) -> 0.82
A9: ='BOF Dataset'!A18 -> BOF4 | B9: ='BOF Dataset'!B18 -> 0.706 | C9: ='BOF Dataset'!C18 -> 0.33 | D9: ='BOF Dataset'!D18 -> 0.38 | E9: ='BOF Dataset'!E18 -> 0.28 | F9: ='BOF Dataset'!F18 -> 0.42 | G9: ='BOF Dataset'!G18 -> 0.22 | H9: ='Balanced Data'!B7/'Balanced Data'!N7 -> 0.75200279 | I9: ='Balanced Data'!B7/'Balanced Data'!C7 -> 4.2459914 | J9: =MAX(B9:G9) -> 0.706
A10: ='BOF Dataset'!A19 -> BOF5 | B10: ='BOF Dataset'!B19 -> 0.602 | C10: ='BOF Dataset'!C19 -> 0.28 | D10: ='BOF Dataset'!D19 -> 0.34 | E10: ='BOF Dataset'!E19 -> 0.25 | F10: ='BOF Dataset'!F19 -> 0.36 | G10: ='BOF Dataset'!G19 -> 0.18 | H10: ='Balanced Data'!B8/'Balanced Data'!N8 -> 0.7513118 | I10: ='Balanced Data'!B8/'Balanced Data'!C8 -> 4.2670409 | J10: =MAX(B10:G10) -> 0.602
A11: ='BOF Dataset'!A20 -> BOF6 | B11: ='BOF Dataset'!B20 -> 0.91 | C11: ='BOF Dataset'!C20 -> 0.62 | D11: ='BOF Dataset'!D20 -> 0.65 | E11: ='BOF Dataset'!E20 -> 0.55 | F11: ='BOF Dataset'!F20 -> 0.7 | G11: ='BOF Dataset'!G20 -> 0.45 | H11: ='Balanced Data'!B9/'Balanced Data'!N9 -> 0.68059055 | I11: ='Balanced Data'!B9/'Balanced Data'!C9 -> 2.9129836 | J11: =MAX(B11:G11) -> 0.91

Sheet pH Method
A1: BOF6 sequential pH-swing precipitation | B1: BOF6 sequential pH-swing precipitation model | C1: BOF6 sequential pH-swing precipitation model | D1: BOF6 sequential pH-swing precipitation model | E1: BOF6 sequential pH-swing precipitation model | F1: BOF6 sequential pH-swing precipitation model | G1: BOF6 sequential pH-swing precipitation model | H1: BOF6 sequential pH-swing precipitation model
A6: Parameter | B6: Model basis | I6: Calculation definitions
A7: Selected extraction test | B7: BOF6 | I7: Residual fraction of element i at stage j (%) = m(i,j) / m(i,initial) × 100
A8: Extraction conditions | B8: 2 M HCl; 80°C; 60 min | I8: Cumulative precipitation of element i (%) = 100 − residual fraction
A9: Initial pH for pH swing | B9: 1.7 | I9: Incremental precipitation at stage j (%) = residual fraction at stage j−1 − residual fraction at stage j
A10: Base | B10: 1 M NaOH | I10: Predicted concentration (mg L⁻¹) = remaining elemental mass (mg) / current liquid volume (L)
A11: Sequential pH targets | B11: 5, 6, 7, 8, 9 and 10 | I11: Ca selectivity (%) = C(Ca) / [C(Ca)+C(Fe)+C(Mg)+C(Al)+C(Mn)+C(Cr)] × 100
A12: Separation | B12: Solid–liquid separation at every pH stage | I12: All calculations are formula-driven from the BOF6 baseline, the editable residual-fraction assumptions, and the optional cumulative NaOH volumes.
A13: Initial liquid basis | B13: 150 mL model basis

Sheet pH Adjustments
A1: Residual elemental fractions across the sequential pH swing
A4: Stage | B4: pH | C4: Ca residual (%) | D4: Fe residual (%) | E4: Mg residual (%) | F4: Al residual (%) | G4: Mn residual (%) | H4: Cr residual (%) | I4: Si residual (%)
A5: Initial leachate | B5: 1.7 | C5: 100 | D5: 100 | E5: 100 | F5: 100 | G5: 100 | H5: 100 | I5: 100
A6: Stage 1 | B6: 5 | C6: 63 | D6: 59.5 | E6: 63 | F6: 0 | G6: 62 | H6: 0 | I6: 0
A7: Stage 2 | B7: 6 | C7: 60.5 | D7: 40.82 | E7: 60.5 | F7: 0 | G7: 58.5 | H7: 0 | I7: 0
A8: Stage 3 | B8: 7 | C8: 52.5 | D8: 22.14 | E8: 52.5 | F8: 0 | G8: 51.5 | H8: 0 | I8: 0
A9: Stage 4 | B9: 8 | C9: 48.5 | D9: 0.13 | E9: 48 | F9: 0 | G9: 33.18 | H9: 0 | I9: 0
A10: Stage 5 | B10: 9 | C10: 44.5 | D10: 0.05 | E10: 30.05 | F10: 0 | G10: 0.5 | H10: 0 | I10: 0
A11: Stage 6 | B11: 10 | C11: 39.96 | D11: 0.02 | E11: 0.5 | F11: 0 | G11: 0.1 | H11: 0 | I11: 0
A13: Species | B13: Nominal precipitate | C13: pKsp | D13: Approximate removal window | E13: Role in this model | F13: Reaction
A14: Al³⁺ | B14: Al(OH)₃ | C14: 33.5 | D14: pH 3.5–5 | E14: Removed at pH 5 | F14: Al³⁺ + 3OH⁻ → Al(OH)₃(s)
A15: Fe²⁺ | B15: Fe(OH)₂ | C15: 15.1 | D15: pH 7–8 | E15: Removed mainly by pH 8 | F15: Fe²⁺ + 2OH⁻ → Fe(OH)₂(s)
A16: Mn²⁺ | B16: Mn(OH)₂ | C16: 12.7 | D16: pH 8–9 | E16: Removed mainly by pH 9 | F16: Mn²⁺ + 2OH⁻ → Mn(OH)₂(s)
A17: Mg²⁺ | B17: Mg(OH)₂ | C17: 10.8 | D17: pH 9–10 | E17: Removed mainly by pH 10 | F17: Mg²⁺ + 2OH⁻ → Mg(OH)₂(s)
A18: Ca²⁺ | B18: Ca(OH)₂ | C18: 5.3 | D18: Above pH 10–12 | E18: Partly retained at pH 10 | F18: Ca²⁺ + 2OH⁻ ⇌ Ca(OH)₂(s)
A19: Si(IV) | B19: Hydrated amorphous silica | D19: pH 3.5–5 | E19: Removed at pH 5 | F19: nSi(OH)₄ → (SiO₂)ₙ·nH₂O + 2nH₂O

Sheet pH Concentrations
A1: elemental concentrations remaining in the BOF6 leachate
A4: Stage | B4: pH | C4: Cumulative NaOH added (mL) | D4: Calculated liquid volume (L) | E4: Ca (mg L⁻¹) | F4: Fe (mg L⁻¹) | G4: Mg (mg L⁻¹) | H4: Al (mg L⁻¹) | I4: Mn (mg L⁻¹) | J4: Cr (mg L⁻¹)
A5: Initial leachate | B5: 1.7 | C5: 1.2 | D5: =IF(C5="",'BOF Dataset'!$B$5,'BOF Dataset'!$B$5+C5/1000) -> 0.1512 | E5: ='Balanced Data'!$H$9*'pH Adjustments'!C5/100/D5 -> 22277.004 | F5: ='Balanced Data'!$I$9*'pH Adjustments'!D5/100/D5 -> 7647.4868 | G5: ='Balanced Data'!$J$9*'pH Adjustments'!E5/100/D5 -> 1029.1995 | H5: ='Balanced Data'!$K$9*'pH Adjustments'!F5/100/D5 -> 356.16331 | I5: ='Balanced Data'!$L$9*'pH Adjustments'!G5/100/D5 -> 1358.8939 | J5: ='Balanced Data'!$M$9*'pH Adjustments'!H5/100/D5 -> 63.126317
A6: Stage 1 | B6: 5 | C6: 1.4 | D6: =IF(C6="",'BOF Dataset'!$B$5,'BOF Dataset'!$B$5+C6/1000) -> 0.1514 | E6: ='Balanced Data'!$H$9*'pH Adjustments'!C6/100/D6 -> 14015.973 | F6: ='Balanced Data'!$I$9*'pH Adjustments'!D6/100/D6 -> 4544.2437 | G6: ='Balanced Data'!$J$9*'pH Adjustments'!E6/100/D6 -> 647.53912 | H6: ='Balanced Data'!$K$9*'pH Adjustments'!F6/100/D6 -> 0 | I6: ='Balanced Data'!$L$9*'pH Adjustments'!G6/100/D6 -> 841.40128 | J6: ='Balanced Data'!$M$9*'pH Adjustments'!H6/100/D6 -> 0
A7: Stage 2 | B7: 6 | C7: 1.3 | D7: =IF(C7="",'BOF Dataset'!$B$5,'BOF Dataset'!$B$5+C7/1000) -> 0.1513 | E7: ='Balanced Data'!$H$9*'pH Adjustments'!C7/100/D7 -> 13468.68 | F7: ='Balanced Data'!$I$9*'pH Adjustments'!D7/100/D7 -> 3119.6408 | G7: ='Balanced Data'!$J$9*'pH Adjustments'!E7/100/D7 -> 622.25413 | H7: ='Balanced Data'!$K$9*'pH Adjustments'!F7/100/D7 -> 0 | I7: ='Balanced Data'!$L$9*'pH Adjustments'!G7/100/D7 -> 794.42754 | J7: ='Balanced Data'!$M$9*'pH Adjustments'!H7/100/D7 -> 0
A8: Stage 3 | B8: 7 | C8: 0.8 | D8: =IF(C8="",'BOF Dataset'!$B$5,'BOF Dataset'!$B$5+C8/1000) -> 0.1508 | E8: ='Balanced Data'!$H$9*'pH Adjustments'!C8/100/D8 -> 11726.449 | F8: ='Balanced Data'!$I$9*'pH Adjustments'!D8/100/D8 -> 1697.6447 | G8: ='Balanced Data'!$J$9*'pH Adjustments'!E8/100/D8 -> 541.76295 | H8: ='Balanced Data'!$K$9*'pH Adjustments'!F8/100/D8 -> 0 | I8: ='Balanced Data'!$L$9*'pH Adjustments'!G8/100/D8 -> 701.6867 | J8: ='Balanced Data'!$M$9*'pH Adjustments'!H8/100/D8 -> 0
A9: Stage 4 | B9: 8 | C9: 1.1 | D9: =IF(C9="",'BOF Dataset'!$B$5,'BOF Dataset'!$B$5+C9/1000) -> 0.1511 | E9: ='Balanced Data'!$H$9*'pH Adjustments'!C9/100/D9 -> 10811.497 | F9: ='Balanced Data'!$I$9*'pH Adjustments'!D9/100/D9 -> 9.9483124 | G9: ='Balanced Data'!$J$9*'pH Adjustments'!E9/100/D9 -> 494.34268 | H9: ='Balanced Data'!$K$9*'pH Adjustments'!F9/100/D9 -> 0 | I9: ='Balanced Data'!$L$9*'pH Adjustments'!G9/100/D9 -> 451.17941 | J9: ='Balanced Data'!$M$9*'pH Adjustments'!H9/100/D9 -> 0
A10: Stage 5 | B10: 9 | C10: 0.6 | D10: =IF(C10="",'BOF Dataset'!$B$5,'BOF Dataset'!$B$5+C10/1000) -> 0.1506 | E10: ='Balanced Data'!$H$9*'pH Adjustments'!C10/100/D10 -> 9952.7618 | F10: ='Balanced Data'!$I$9*'pH Adjustments'!D10/100/D10 -> 3.8389774 | G10: ='Balanced Data'!$J$9*'pH Adjustments'!E10/100/D10 -> 310.50661 | H10: ='Balanced Data'!$K$9*'pH Adjustments'!F10/100/D10 -> 0 | I10: ='Balanced Data'!$L$9*'pH Adjustments'!G10/100/D10 -> 6.8215393 | J10: ='Balanced Data'!$M$9*'pH Adjustments'!H10/100/D10 -> 0
A11: Stage 6 | B11: 10 | C11: 0.2 | D11: =IF(C11="",'BOF Dataset'!$B$5,'BOF Dataset'!$B$5+C11/1000) -> 0.1502 | E11: ='Balanced Data'!$H$9*'pH Adjustments'!C11/100/D11 -> 8961.1577 | F11: ='Balanced Data'!$I$9*'pH Adjustments'!D11/100/D11 -> 1.5396804 | G11: ='Balanced Data'!$J$9*'pH Adjustments'!E11/100/D11 -> 5.1802582 | H11: ='Balanced Data'!$K$9*'pH Adjustments'!F11/100/D11 -> 0 | I11: ='Balanced Data'!$L$9*'pH Adjustments'!G11/100/D11 -> 1.3679412 | J11: ='Balanced Data'!$M$9*'pH Adjustments'!H11/100/D11 -> 0

Sheet pH Precipitation
A1: Cumulative and incremental elemental precipitation | B1: Cumulative and incremental elemental precipitation | C1: Cumulative and incremental elemental precipitation | D1: Cumulative and incremental elemental precipitation | E1: Cumulative and incremental elemental precipitation | F1: Cumulative and incremental elemental precipitation | G1: Cumulative and incremental elemental precipitation | H1: Cumulative and incremental elemental precipitation | I1: Cumulative and incremental elemental precipitation | J1: Cumulative and incremental elemental precipitation | K1: Cumulative and incremental elemental precipitation | L1: Cumulative and incremental elemental precipitation | M1: Cumulative and incremental elemental precipitation | N1: Cumulative and incremental elemental precipitation | O1: Cumulative and incremental elemental precipitation | P1: Cumulative and incremental elemental precipitation | Q1: Cumulative and incremental elemental precipitation | R1: Cumulative and incremental elemental precipitation | S1: Cumulative and incremental elemental precipitation
A3: Cumulative precipitation relative to the initial BOF6 leachate inventory | K3: Incremental precipitation occurring during each pH step
A5: Stage | B5: pH | C5: Ca (%) | D5: Fe (%) | E5: Mg (%) | F5: Al (%) | G5: Mn (%) | H5: Cr (%) | I5: Si (%) | K5: Stage | L5: pH | M5: Ca (%) | N5: Fe (%) | O5: Mg (%) | P5: Al (%) | Q5: Mn (%) | R5: Cr (%) | S5: Si (%)
A6: Initial leachate | B6: 1.7 | C6: =100-'pH Adjustments'!C5 -> 0 | D6: =100-'pH Adjustments'!D5 -> 0 | E6: =100-'pH Adjustments'!E5 -> 0 | F6: =100-'pH Adjustments'!F5 -> 0 | G6: =100-'pH Adjustments'!G5 -> 0 | H6: =100-'pH Adjustments'!H5 -> 0 | I6: =100-'pH Adjustments'!I5 -> 0 | K6: Initial leachate | L6: 1.7 | M6: =0 -> 0 | N6: =0 -> 0 | O6: =0 -> 0 | P6: =0 -> 0 | Q6: =0 -> 0 | R6: =0 -> 0 | S6: =0 -> 0
A7: Stage 1 | B7: 5 | C7: =100-'pH Adjustments'!C6 -> 37 | D7: =100-'pH Adjustments'!D6 -> 40.5 | E7: =100-'pH Adjustments'!E6 -> 37 | F7: =100-'pH Adjustments'!F6 -> 100 | G7: =100-'pH Adjustments'!G6 -> 38 | H7: =100-'pH Adjustments'!H6 -> 100 | I7: =100-'pH Adjustments'!I6 -> 100 | K7: Stage 1 | L7: 5 | M7: ='pH Adjustments'!C5-'pH Adjustments'!C6 -> 37 | N7: ='pH Adjustments'!D5-'pH Adjustments'!D6 -> 40.5 | O7: ='pH Adjustments'!E5-'pH Adjustments'!E6 -> 37 | P7: ='pH Adjustments'!F5-'pH Adjustments'!F6 -> 100 | Q7: ='pH Adjustments'!G5-'pH Adjustments'!G6 -> 38 | R7: ='pH Adjustments'!H5-'pH Adjustments'!H6 -> 100 | S7: ='pH Adjustments'!I5-'pH Adjustments'!I6 -> 100
A8: Stage 2 | B8: 6 | C8: =100-'pH Adjustments'!C7 -> 39.5 | D8: =100-'pH Adjustments'!D7 -> 59.18 | E8: =100-'pH Adjustments'!E7 -> 39.5 | F8: =100-'pH Adjustments'!F7 -> 100 | G8: =100-'pH Adjustments'!G7 -> 41.5 | H8: =100-'pH Adjustments'!H7 -> 100 | I8: =100-'pH Adjustments'!I7 -> 100 | K8: Stage 2 | L8: 6 | M8: ='pH Adjustments'!C6-'pH Adjustments'!C7 -> 2.5 | N8: ='pH Adjustments'!D6-'pH Adjustments'!D7 -> 18.68 | O8: ='pH Adjustments'!E6-'pH Adjustments'!E7 -> 2.5 | P8: ='pH Adjustments'!F6-'pH Adjustments'!F7 -> 0 | Q8: ='pH Adjustments'!G6-'pH Adjustments'!G7 -> 3.5 | R8: ='pH Adjustments'!H6-'pH Adjustments'!H7 -> 0 | S8: ='pH Adjustments'!I6-'pH Adjustments'!I7 -> 0
A9: Stage 3 | B9: 7 | C9: =100-'pH Adjustments'!C8 -> 47.5 | D9: =100-'pH Adjustments'!D8 -> 77.86 | E9: =100-'pH Adjustments'!E8 -> 47.5 | F9: =100-'pH Adjustments'!F8 -> 100 | G9: =100-'pH Adjustments'!G8 -> 48.5 | H9: =100-'pH Adjustments'!H8 -> 100 | I9: =100-'pH Adjustments'!I8 -> 100 | K9: Stage 3 | L9: 7 | M9: ='pH Adjustments'!C7-'pH Adjustments'!C8 -> 8 | N9: ='pH Adjustments'!D7-'pH Adjustments'!D8 -> 18.68 | O9: ='pH Adjustments'!E7-'pH Adjustments'!E8 -> 8 | P9: ='pH Adjustments'!F7-'pH Adjustments'!F8 -> 0 | Q9: ='pH Adjustments'!G7-'pH Adjustments'!G8 -> 7 | R9: ='pH Adjustments'!H7-'pH Adjustments'!H8 -> 0 | S9: ='pH Adjustments'!I7-'pH Adjustments'!I8 -> 0
A10: Stage 4 | B10: 8 | C10: =100-'pH Adjustments'!C9 -> 51.5 | D10: =100-'pH Adjustments'!D9 -> 99.87 | E10: =100-'pH Adjustments'!E9 -> 52 | F10: =100-'pH Adjustments'!F9 -> 100 | G10: =100-'pH Adjustments'!G9 -> 66.82 | H10: =100-'pH Adjustments'!H9 -> 100 | I10: =100-'pH Adjustments'!I9 -> 100 | K10: Stage 4 | L10: 8 | M10: ='pH Adjustments'!C8-'pH Adjustments'!C9 -> 4 | N10: ='pH Adjustments'!D8-'pH Adjustments'!D9 -> 22.01 | O10: ='pH Adjustments'!E8-'pH Adjustments'!E9 -> 4.5 | P10: ='pH Adjustments'!F8-'pH Adjustments'!F9 -> 0 | Q10: ='pH Adjustments'!G8-'pH Adjustments'!G9 -> 18.32 | R10: ='pH Adjustments'!H8-'pH Adjustments'!H9 -> 0 | S10: ='pH Adjustments'!I8-'pH Adjustments'!I9 -> 0
A11: Stage 5 | B11: 9 | C11: =100-'pH Adjustments'!C10 -> 55.5 | D11: =100-'pH Adjustments'!D10 -> 99.95 | E11: =100-'pH Adjustments'!E10 -> 69.95 | F11: =100-'pH Adjustments'!F10 -> 100 | G11: =100-'pH Adjustments'!G10 -> 99.5 | H11: =100-'pH Adjustments'!H10 -> 100 | I11: =100-'pH Adjustments'!I10 -> 100 | K11: Stage 5 | L11: 9 | M11: ='pH Adjustments'!C9-'pH Adjustments'!C10 -> 4 | N11: ='pH Adjustments'!D9-'pH Adjustments'!D10 -> 0.08 | O11: ='pH Adjustments'!E9-'pH Adjustments'!E10 -> 17.95 | P11: ='pH Adjustments'!F9-'pH Adjustments'!F10 -> 0 | Q11: ='pH Adjustments'!G9-'pH Adjustments'!G10 -> 32.68 | R11: ='pH Adjustments'!H9-'pH Adjustments'!H10 -> 0 | S11: ='pH Adjustments'!I9-'pH Adjustments'!I10 -> 0
A12: Stage 6 | B12: 10 | C12: =100-'pH Adjustments'!C11 -> 60.04 | D12: =100-'pH Adjustments'!D11 -> 99.98 | E12: =100-'pH Adjustments'!E11 -> 99.5 | F12: =100-'pH Adjustments'!F11 -> 100 | G12: =100-'pH Adjustments'!G11 -> 99.9 | H12: =100-'pH Adjustments'!H11 -> 100 | I12: =100-'pH Adjustments'!I11 -> 100 | K12: Stage 6 | L12: 10 | M12: ='pH Adjustments'!C10-'pH Adjustments'!C11 -> 4.54 | N12: ='pH Adjustments'!D10-'pH Adjustments'!D11 -> 0.03 | O12: ='pH Adjustments'!E10-'pH Adjustments'!E11 -> 29.55 | P12: ='pH Adjustments'!F10-'pH Adjustments'!F11 -> 0 | Q12: ='pH Adjustments'!G10-'pH Adjustments'!G11 -> 0.4 | R12: ='pH Adjustments'!H10-'pH Adjustments'!H11 -> 0 | S12: ='pH Adjustments'!I10-'pH Adjustments'!I11 -> 0

Sheet pH Results
A1: BOF6 pH-swing: impurity removal and calcium retention | B1: BOF6 pH-swing model: impurity removal and calcium retention | C1: BOF6 pH-swing model: impurity removal and calcium retention | D1: BOF6 pH-swing model: impurity removal and calcium retention | E1: BOF6 pH-swing model: impurity removal and calcium retention | F1: BOF6 pH-swing model: impurity removal and calcium retention | G1: BOF6 pH-swing model: impurity removal and calcium retention | H1: BOF6 pH-swing model: impurity removal and calcium retention | I1: BOF6 pH-swing model: impurity removal and calcium retention | J1: BOF6 pH-swing model: impurity removal and calcium retention | K1: BOF6 pH-swing model: impurity removal and calcium retention | L1: BOF6 pH-swing model: impurity removal and calcium retention | M1: BOF6 pH-swing model: impurity removal and calcium retention | N1: BOF6 pH-swing model: impurity removal and calcium retention | O1: BOF6 pH-swing model: impurity removal and calcium retention | P1: BOF6 pH-swing model: impurity removal and calcium retention | Q1: BOF6 pH-swing model: impurity removal and calcium retention | R1: BOF6 pH-swing model: impurity removal and calcium retention
A5: Stage | B5: pH | C5: Ca retention | D5: Fe removal | E5: Mg removal | F5: Mn removal | G5: Combined impurity removal | H5: Ca selectivity | I5: Ca concentration (mg L⁻¹)
A6: Initial leachate | B6: 1.7 | C6: ='pH Adjustments'!C5/100 -> 1 | D6: =1-'pH Adjustments'!D5/100 -> 0 | E6: =1-'pH Adjustments'!E5/100 -> 0 | F6: =1-'pH Adjustments'!G5/100 -> 0 | G6: =1-(('Balanced Data'!$I$9*'pH Adjustments'!D5+'Balanced Data'!$J$9*'pH Adjustments'!E5+'Balanced Data'!$K$9*'pH Adjustments'!F5+'Balanced Data'!$L$9*'pH Adjustments'!G5+'Balanced Data'!$M$9*'pH Adjustments'!H5)/(100*SUM('Balanced Data'!$I$9:$M$9))) -> 0 | H6: =IFERROR('pH Concentrations'!E5/SUM('pH Concentrations'!E5:J5),0) -> 0.68059055 | I6: ='pH Concentrations'!E5 -> 22277.004
A7: Stage 1 | B7: 5 | C7: ='pH Adjustments'!C6/100 -> 0.63 | D7: =1-'pH Adjustments'!D6/100 -> 0.405 | E7: =1-'pH Adjustments'!E6/100 -> 0.37 | F7: =1-'pH Adjustments'!G6/100 -> 0.38 | G7: =1-(('Balanced Data'!$I$9*'pH Adjustments'!D6+'Balanced Data'!$J$9*'pH Adjustments'!E6+'Balanced Data'!$K$9*'pH Adjustments'!F6+'Balanced Data'!$L$9*'pH Adjustments'!G6+'Balanced Data'!$M$9*'pH Adjustments'!H6)/(100*SUM('Balanced Data'!$I$9:$M$9))) -> 0.42216741 | H7: =IFERROR('pH Concentrations'!E6/SUM('pH Concentrations'!E6:J6),0) -> 0.69908041 | I7: ='pH Concentrations'!E6 -> 14015.973
A8: Stage 2 | B8: 6 | C8: ='pH Adjustments'!C7/100 -> 0.605 | D8: =1-'pH Adjustments'!D7/100 -> 0.5918 | E8: =1-'pH Adjustments'!E7/100 -> 0.395 | F8: =1-'pH Adjustments'!G7/100 -> 0.415 | G8: =1-(('Balanced Data'!$I$9*'pH Adjustments'!D7+'Balanced Data'!$J$9*'pH Adjustments'!E7+'Balanced Data'!$K$9*'pH Adjustments'!F7+'Balanced Data'!$L$9*'pH Adjustments'!G7+'Balanced Data'!$M$9*'pH Adjustments'!H7)/(100*SUM('Balanced Data'!$I$9:$M$9))) -> 0.56581738 | H8: =IFERROR('pH Concentrations'!E7/SUM('pH Concentrations'!E7:J7),0) -> 0.7480521 | I8: ='pH Concentrations'!E7 -> 13468.68
A9: Stage 3 | B9: 7 | C9: ='pH Adjustments'!C8/100 -> 0.525 | D9: =1-'pH Adjustments'!D8/100 -> 0.7786 | E9: =1-'pH Adjustments'!E8/100 -> 0.475 | F9: =1-'pH Adjustments'!G8/100 -> 0.485 | G9: =1-(('Balanced Data'!$I$9*'pH Adjustments'!D8+'Balanced Data'!$J$9*'pH Adjustments'!E8+'Balanced Data'!$K$9*'pH Adjustments'!F8+'Balanced Data'!$L$9*'pH Adjustments'!G8+'Balanced Data'!$M$9*'pH Adjustments'!H8)/(100*SUM('Balanced Data'!$I$9:$M$9))) -> 0.71943088 | H9: =IFERROR('pH Concentrations'!E8/SUM('pH Concentrations'!E8:J8),0) -> 0.79948283 | I9: ='pH Concentrations'!E8 -> 11726.449
A10: Stage 4 | B10: 8 | C10: ='pH Adjustments'!C9/100 -> 0.485 | D10: =1-'pH Adjustments'!D9/100 -> 0.9987 | E10: =1-'pH Adjustments'!E9/100 -> 0.52 | F10: =1-'pH Adjustments'!G9/100 -> 0.6682 | G10: =1-(('Balanced Data'!$I$9*'pH Adjustments'!D9+'Balanced Data'!$J$9*'pH Adjustments'!E9+'Balanced Data'!$K$9*'pH Adjustments'!F9+'Balanced Data'!$L$9*'pH Adjustments'!G9+'Balanced Data'!$M$9*'pH Adjustments'!H9)/(100*SUM('Balanced Data'!$I$9:$M$9))) -> 0.90867046 | H10: =IFERROR('pH Concentrations'!E9/SUM('pH Concentrations'!E9:J9),0) -> 0.91880063 | I10: ='pH Concentrations'!E9 -> 10811.497
A11: Stage 5 | B11: 9 | C11: ='pH Adjustments'!C10/100 -> 0.445 | D11: =1-'pH Adjustments'!D10/100 -> 0.9995 | E11: =1-'pH Adjustments'!E10/100 -> 0.6995 | F11: =1-'pH Adjustments'!G10/100 -> 0.995 | G11: =1-(('Balanced Data'!$I$9*'pH Adjustments'!D10+'Balanced Data'!$J$9*'pH Adjustments'!E10+'Balanced Data'!$K$9*'pH Adjustments'!F10+'Balanced Data'!$L$9*'pH Adjustments'!G10+'Balanced Data'!$M$9*'pH Adjustments'!H10)/(100*SUM('Balanced Data'!$I$9:$M$9))) -> 0.96940252 | H11: =IFERROR('pH Concentrations'!E10/SUM('pH Concentrations'!E10:J10),0) -> 0.9687396 | I11: ='pH Concentrations'!E10 -> 9952.7618
A12: Stage 6 | B12: 10 | C12: ='pH Adjustments'!C11/100 -> 0.3996 | D12: =1-'pH Adjustments'!D11/100 -> 0.9998 | E12: =1-'pH Adjustments'!E11/100 -> 0.995 | F12: =1-'pH Adjustments'!G11/100 -> 0.999 | G12: =1-(('Balanced Data'!$I$9*'pH Adjustments'!D11+'Balanced Data'!$J$9*'pH Adjustments'!E11+'Balanced Data'!$K$9*'pH Adjustments'!F11+'Balanced Data'!$L$9*'pH Adjustments'!G11+'Balanced Data'!$M$9*'pH Adjustments'!H11)/(100*SUM('Balanced Data'!$I$9:$M$9))) -> 0.99923152 | H12: =IFERROR('pH Concentrations'!E11/SUM('pH Concentrations'!E11:J11),0) -> 0.99909827 | I12: ='pH Concentrations'!E11 -> 8961.1577
A14: interpretation
A15: At pH 5, the model removes Al and Si while retaining part of the divalent-metal inventory. Fe removal becomes nearly complete by pH 8, Mn removal by pH 9 and Mg removal by pH 10. The final pH 10 scenario retains 39.96% of the initial Ca.
