Workbook

Sheet Model Guide
A1: CKD Phase III Mineralization: Experimental Mass Balance | B1: CKD Phase III Final Mineralization Model | C1: CKD Phase III Final Mineralization Model | D1: CKD Phase III Final Mineralization Model | E1: CKD Phase III Final Mineralization Model | F1: CKD Phase III Final Mineralization Model | G1: CKD Phase III Final Mineralization Model | H1: CKD Phase III Final Mineralization Model
A2: Formula-driven calculations based on measured experimental inputs. | B2: Completed formula-driven model for the revised CKD mineralization design | C2: Completed formula-driven model for the revised CKD mineralization design | D2: Completed formula-driven model for the revised CKD mineralization design | E2: Completed formula-driven model for the revised CKD mineralization design | F2: Completed formula-driven model for the revised CKD mineralization design | G2: Completed formula-driven model for the revised CKD mineralization design | H2: Completed formula-driven model for the revised CKD mineralization design
A4: Purpose and scope | B4: Purpose and scope | C4: Purpose and scope | D4: Purpose and scope | E4: Purpose and scope | F4: Purpose and scope | G4: Purpose and scope | H4: Purpose and scope
A5: This workbook quantifies calcium availability, carbonate demand, CaCO₃ precipitation, product recovery, residual dissolved calcium, and stoichiometric CO₂ mineralization for the HCl and HNO₃ extraction routes. Each calculation is based on 1.000 L of purified Phase II liquor treated with 576 mL of 1.000 mol/L Na₂CO₃ solution. | B5: This workbook calculates reagent-limited calcium precipitation, CaCO₃ production, residual calcium, and CO₂ mineralization. The revised design uses 1.0 mol/L Na₂CO₃ and 576 mL of Na₂CO₃ solution per 1.0 L of calcium-rich Phase II liquor. Both reagent inputs remain editable. | C5: This workbook calculates reagent-limited calcium precipitation, CaCO₃ production, residual calcium, and CO₂ mineralization. The revised design uses 1.0 mol/L Na₂CO₃ and 576 mL of Na₂CO₃ solution per 1.0 L of calcium-rich Phase II liquor. Both reagent inputs remain editable. | D5: This workbook calculates reagent-limited calcium precipitation, CaCO₃ production, residual calcium, and CO₂ mineralization. The revised design uses 1.0 mol/L Na₂CO₃ and 576 mL of Na₂CO₃ solution per 1.0 L of calcium-rich Phase II liquor. Both reagent inputs remain editable. | E5: This workbook calculates reagent-limited calcium precipitation, CaCO₃ production, residual calcium, and CO₂ mineralization. The revised design uses 1.0 mol/L Na₂CO₃ and 576 mL of Na₂CO₃ solution per 1.0 L of calcium-rich Phase II liquor. Both reagent inputs remain editable. | F5: This workbook calculates reagent-limited calcium precipitation, CaCO₃ production, residual calcium, and CO₂ mineralization. The revised design uses 1.0 mol/L Na₂CO₃ and 576 mL of Na₂CO₃ solution per 1.0 L of calcium-rich Phase II liquor. Both reagent inputs remain editable. | G5: This workbook calculates reagent-limited calcium precipitation, CaCO₃ production, residual calcium, and CO₂ mineralization. The revised design uses 1.0 mol/L Na₂CO₃ and 576 mL of Na₂CO₃ solution per 1.0 L of calcium-rich Phase II liquor. Both reagent inputs remain editable. | H5: This workbook calculates reagent-limited calcium precipitation, CaCO₃ production, residual calcium, and CO₂ mineralization. The revised design uses 1.0 mol/L Na₂CO₃ and 576 mL of Na₂CO₃ solution per 1.0 L of calcium-rich Phase II liquor. Both reagent inputs remain editable.
A6: This workbook calculates reagent-limited calcium precipitation, CaCO₃ production, residual calcium, and CO₂ mineralization. The revised design uses 1.0 mol/L Na₂CO₃ and 576 mL of Na₂CO₃ solution per 1.0 L of calcium-rich Phase II liquor. Both reagent inputs remain editable. | B6: This workbook calculates reagent-limited calcium precipitation, CaCO₃ production, residual calcium, and CO₂ mineralization. The revised design uses 1.0 mol/L Na₂CO₃ and 576 mL of Na₂CO₃ solution per 1.0 L of calcium-rich Phase II liquor. Both reagent inputs remain editable. | C6: This workbook calculates reagent-limited calcium precipitation, CaCO₃ production, residual calcium, and CO₂ mineralization. The revised design uses 1.0 mol/L Na₂CO₃ and 576 mL of Na₂CO₃ solution per 1.0 L of calcium-rich Phase II liquor. Both reagent inputs remain editable. | D6: This workbook calculates reagent-limited calcium precipitation, CaCO₃ production, residual calcium, and CO₂ mineralization. The revised design uses 1.0 mol/L Na₂CO₃ and 576 mL of Na₂CO₃ solution per 1.0 L of calcium-rich Phase II liquor. Both reagent inputs remain editable. | E6: This workbook calculates reagent-limited calcium precipitation, CaCO₃ production, residual calcium, and CO₂ mineralization. The revised design uses 1.0 mol/L Na₂CO₃ and 576 mL of Na₂CO₃ solution per 1.0 L of calcium-rich Phase II liquor. Both reagent inputs remain editable. | F6: This workbook calculates reagent-limited calcium precipitation, CaCO₃ production, residual calcium, and CO₂ mineralization. The revised design uses 1.0 mol/L Na₂CO₃ and 576 mL of Na₂CO₃ solution per 1.0 L of calcium-rich Phase II liquor. Both reagent inputs remain editable. | G6: This workbook calculates reagent-limited calcium precipitation, CaCO₃ production, residual calcium, and CO₂ mineralization. The revised design uses 1.0 mol/L Na₂CO₃ and 576 mL of Na₂CO₃ solution per 1.0 L of calcium-rich Phase II liquor. Both reagent inputs remain editable. | H6: This workbook calculates reagent-limited calcium precipitation, CaCO₃ production, residual calcium, and CO₂ mineralization. The revised design uses 1.0 mol/L Na₂CO₃ and 576 mL of Na₂CO₃ solution per 1.0 L of calcium-rich Phase II liquor. Both reagent inputs remain editable.
A7: This workbook calculates reagent-limited calcium precipitation, CaCO₃ production, residual calcium, and CO₂ mineralization. The revised design uses 1.0 mol/L Na₂CO₃ and 576 mL of Na₂CO₃ solution per 1.0 L of calcium-rich Phase II liquor. Both reagent inputs remain editable. | B7: This workbook calculates reagent-limited calcium precipitation, CaCO₃ production, residual calcium, and CO₂ mineralization. The revised design uses 1.0 mol/L Na₂CO₃ and 576 mL of Na₂CO₃ solution per 1.0 L of calcium-rich Phase II liquor. Both reagent inputs remain editable. | C7: This workbook calculates reagent-limited calcium precipitation, CaCO₃ production, residual calcium, and CO₂ mineralization. The revised design uses 1.0 mol/L Na₂CO₃ and 576 mL of Na₂CO₃ solution per 1.0 L of calcium-rich Phase II liquor. Both reagent inputs remain editable. | D7: This workbook calculates reagent-limited calcium precipitation, CaCO₃ production, residual calcium, and CO₂ mineralization. The revised design uses 1.0 mol/L Na₂CO₃ and 576 mL of Na₂CO₃ solution per 1.0 L of calcium-rich Phase II liquor. Both reagent inputs remain editable. | E7: This workbook calculates reagent-limited calcium precipitation, CaCO₃ production, residual calcium, and CO₂ mineralization. The revised design uses 1.0 mol/L Na₂CO₃ and 576 mL of Na₂CO₃ solution per 1.0 L of calcium-rich Phase II liquor. Both reagent inputs remain editable. | F7: This workbook calculates reagent-limited calcium precipitation, CaCO₃ production, residual calcium, and CO₂ mineralization. The revised design uses 1.0 mol/L Na₂CO₃ and 576 mL of Na₂CO₃ solution per 1.0 L of calcium-rich Phase II liquor. Both reagent inputs remain editable. | G7: This workbook calculates reagent-limited calcium precipitation, CaCO₃ production, residual calcium, and CO₂ mineralization. The revised design uses 1.0 mol/L Na₂CO₃ and 576 mL of Na₂CO₃ solution per 1.0 L of calcium-rich Phase II liquor. Both reagent inputs remain editable. | H7: This workbook calculates reagent-limited calcium precipitation, CaCO₃ production, residual calcium, and CO₂ mineralization. The revised design uses 1.0 mol/L Na₂CO₃ and 576 mL of Na₂CO₃ solution per 1.0 L of calcium-rich Phase II liquor. Both reagent inputs remain editable.
A9: Experimental Calculation Basis | B9: Revised calculation basis | C9: Revised calculation basis | D9: Revised calculation basis | E9: Revised calculation basis | F9: Revised calculation basis | G9: Revised calculation basis | H9: Revised calculation basis
A10: Purified Phase II solution volume | B10: 1.000 L | C10: Na₂CO₃ concentration | D10: 1.000 mol/L | E10: Na₂CO₃ volume | F10: 576 mL | G10: Final pH | H10: 11.5
A11: HCl Ca feed | B11: 20,980.38 mg/L | C11: Available Ca | D11: 0.5235 mol | E11: Carbonate supplied | F11: 0.5760 mol | G11: Limiting species | H11: Ca²⁺
A12: HNO₃ Ca feed | B12: 20,623.76 mg/L | C12: Available Ca | D12: 0.5146 mol | E12: Carbonate supplied | F12: 0.5760 mol | G12: Limiting species | H12: Ca²⁺
A14: Blue cells | B14: Measured inputs and experimental conditions | C14: Green cells | D14: Calculated outputs | E14: Yellow cells | F14: Interpretation notes | G14: Status column | H14: Data classification
A16: Governing Reactions and Mass-Balance Equations | B16: Governing reactions and calculation | C16: Governing reactions and calculation | D16: Governing reactions and calculation | E16: Governing reactions and calculation | F16: Governing reactions and calculation | G16: Governing reactions and calculation | H16: Governing reactions and calculation
A17: 1 | B17: Na₂CO₃(aq) → 2Na⁺(aq) + CO₃²⁻(aq)
A18: 2 | B18: Ca²⁺(aq) + CO₃²⁻(aq) → CaCO₃(s)
A19: 3 | B19: n(CaCO₃) = MIN[n(Ca²⁺), n(CO₃²⁻)]
A20: 4 | B20: m(CaCO₃) = n(CaCO₃) × 100.0869 g/mol
A21: 5 | B21: m(CO₂) = n(CaCO₃) × 44.0095 g/mol
A23: Experimental Performance Basis | B23: Completed performance basis | C23: Completed performance basis | D23: Completed performance basis | E23: Completed performance basis | F23: Completed performance basis | G23: Completed performance basis | H23: Completed performance basis
A24: The calculations use a calcium precipitation efficiency of 98%, a solid-recovery efficiency of 92%, and a recovered-product CaCO₃ content of 95%. The precipitation and collection efficiencies give an overall isolated pure-CaCO₃ recovery of 90.16%. Product purity is used to convert the recovered pure CaCO₃ mass into the corresponding total dry-precipitate mass. Mineralization was conducted at 25 °C for 60 min with stirring at 200 rpm. | B24: The final model applies 98% chemical precipitation, 92% solid collection, and 95% CaCO₃ purity. Their combined effect gives 90.16% isolated pure-CaCO₃ recovery. Temperature, time, and stirring are modeled as 25 °C, 60 min, and 200 rpm. Every calculation remains formula-driven. | C24: The final model applies 98% chemical precipitation, 92% solid collection, and 95% CaCO₃ purity. Their combined effect gives 90.16% isolated pure-CaCO₃ recovery. Temperature, time, and stirring are modeled as 25 °C, 60 min, and 200 rpm. Every calculation remains formula-driven. | D24: The final model applies 98% chemical precipitation, 92% solid collection, and 95% CaCO₃ purity. Their combined effect gives 90.16% isolated pure-CaCO₃ recovery. Temperature, time, and stirring are modeled as 25 °C, 60 min, and 200 rpm. Every calculation remains formula-driven. | E24: The final model applies 98% chemical precipitation, 92% solid collection, and 95% CaCO₃ purity. Their combined effect gives 90.16% isolated pure-CaCO₃ recovery. Temperature, time, and stirring are modeled as 25 °C, 60 min, and 200 rpm. Every calculation remains formula-driven. | F24: The final model applies 98% chemical precipitation, 92% solid collection, and 95% CaCO₃ purity. Their combined effect gives 90.16% isolated pure-CaCO₃ recovery. Temperature, time, and stirring are modeled as 25 °C, 60 min, and 200 rpm. Every calculation remains formula-driven. | G24: The final model applies 98% chemical precipitation, 92% solid collection, and 95% CaCO₃ purity. Their combined effect gives 90.16% isolated pure-CaCO₃ recovery. Temperature, time, and stirring are modeled as 25 °C, 60 min, and 200 rpm. Every calculation remains formula-driven. | H24: The final model applies 98% chemical precipitation, 92% solid collection, and 95% CaCO₃ purity. Their combined effect gives 90.16% isolated pure-CaCO₃ recovery. Temperature, time, and stirring are modeled as 25 °C, 60 min, and 200 rpm. Every calculation remains formula-driven.
A25: The final model applies 98% chemical precipitation, 92% solid collection, and 95% CaCO₃ purity. Their combined effect gives 90.16% isolated pure-CaCO₃ recovery. Temperature, time, and stirring are modeled as 25 °C, 60 min, and 200 rpm. Every calculation remains formula-driven. | B25: The final model applies 98% chemical precipitation, 92% solid collection, and 95% CaCO₃ purity. Their combined effect gives 90.16% isolated pure-CaCO₃ recovery. Temperature, time, and stirring are modeled as 25 °C, 60 min, and 200 rpm. Every calculation remains formula-driven. | C25: The final model applies 98% chemical precipitation, 92% solid collection, and 95% CaCO₃ purity. Their combined effect gives 90.16% isolated pure-CaCO₃ recovery. Temperature, time, and stirring are modeled as 25 °C, 60 min, and 200 rpm. Every calculation remains formula-driven. | D25: The final model applies 98% chemical precipitation, 92% solid collection, and 95% CaCO₃ purity. Their combined effect gives 90.16% isolated pure-CaCO₃ recovery. Temperature, time, and stirring are modeled as 25 °C, 60 min, and 200 rpm. Every calculation remains formula-driven. | E25: The final model applies 98% chemical precipitation, 92% solid collection, and 95% CaCO₃ purity. Their combined effect gives 90.16% isolated pure-CaCO₃ recovery. Temperature, time, and stirring are modeled as 25 °C, 60 min, and 200 rpm. Every calculation remains formula-driven. | F25: The final model applies 98% chemical precipitation, 92% solid collection, and 95% CaCO₃ purity. Their combined effect gives 90.16% isolated pure-CaCO₃ recovery. Temperature, time, and stirring are modeled as 25 °C, 60 min, and 200 rpm. Every calculation remains formula-driven. | G25: The final model applies 98% chemical precipitation, 92% solid collection, and 95% CaCO₃ purity. Their combined effect gives 90.16% isolated pure-CaCO₃ recovery. Temperature, time, and stirring are modeled as 25 °C, 60 min, and 200 rpm. Every calculation remains formula-driven. | H25: The final model applies 98% chemical precipitation, 92% solid collection, and 95% CaCO₃ purity. Their combined effect gives 90.16% isolated pure-CaCO₃ recovery. Temperature, time, and stirring are modeled as 25 °C, 60 min, and 200 rpm. Every calculation remains formula-driven.
A26: The final model applies 98% chemical precipitation, 92% solid collection, and 95% CaCO₃ purity. Their combined effect gives 90.16% isolated pure-CaCO₃ recovery. Temperature, time, and stirring are modeled as 25 °C, 60 min, and 200 rpm. Every calculation remains formula-driven. | B26: The final model applies 98% chemical precipitation, 92% solid collection, and 95% CaCO₃ purity. Their combined effect gives 90.16% isolated pure-CaCO₃ recovery. Temperature, time, and stirring are modeled as 25 °C, 60 min, and 200 rpm. Every calculation remains formula-driven. | C26: The final model applies 98% chemical precipitation, 92% solid collection, and 95% CaCO₃ purity. Their combined effect gives 90.16% isolated pure-CaCO₃ recovery. Temperature, time, and stirring are modeled as 25 °C, 60 min, and 200 rpm. Every calculation remains formula-driven. | D26: The final model applies 98% chemical precipitation, 92% solid collection, and 95% CaCO₃ purity. Their combined effect gives 90.16% isolated pure-CaCO₃ recovery. Temperature, time, and stirring are modeled as 25 °C, 60 min, and 200 rpm. Every calculation remains formula-driven. | E26: The final model applies 98% chemical precipitation, 92% solid collection, and 95% CaCO₃ purity. Their combined effect gives 90.16% isolated pure-CaCO₃ recovery. Temperature, time, and stirring are modeled as 25 °C, 60 min, and 200 rpm. Every calculation remains formula-driven. | F26: The final model applies 98% chemical precipitation, 92% solid collection, and 95% CaCO₃ purity. Their combined effect gives 90.16% isolated pure-CaCO₃ recovery. Temperature, time, and stirring are modeled as 25 °C, 60 min, and 200 rpm. Every calculation remains formula-driven. | G26: The final model applies 98% chemical precipitation, 92% solid collection, and 95% CaCO₃ purity. Their combined effect gives 90.16% isolated pure-CaCO₃ recovery. Temperature, time, and stirring are modeled as 25 °C, 60 min, and 200 rpm. Every calculation remains formula-driven. | H26: The final model applies 98% chemical precipitation, 92% solid collection, and 95% CaCO₃ purity. Their combined effect gives 90.16% isolated pure-CaCO₃ recovery. Temperature, time, and stirring are modeled as 25 °C, 60 min, and 200 rpm. Every calculation remains formula-driven.
A27: The final model applies 98% chemical precipitation, 92% solid collection, and 95% CaCO₃ purity. Their combined effect gives 90.16% isolated pure-CaCO₃ recovery. Temperature, time, and stirring are modeled as 25 °C, 60 min, and 200 rpm. Every calculation remains formula-driven. | B27: The final model applies 98% chemical precipitation, 92% solid collection, and 95% CaCO₃ purity. Their combined effect gives 90.16% isolated pure-CaCO₃ recovery. Temperature, time, and stirring are modeled as 25 °C, 60 min, and 200 rpm. Every calculation remains formula-driven. | C27: The final model applies 98% chemical precipitation, 92% solid collection, and 95% CaCO₃ purity. Their combined effect gives 90.16% isolated pure-CaCO₃ recovery. Temperature, time, and stirring are modeled as 25 °C, 60 min, and 200 rpm. Every calculation remains formula-driven. | D27: The final model applies 98% chemical precipitation, 92% solid collection, and 95% CaCO₃ purity. Their combined effect gives 90.16% isolated pure-CaCO₃ recovery. Temperature, time, and stirring are modeled as 25 °C, 60 min, and 200 rpm. Every calculation remains formula-driven. | E27: The final model applies 98% chemical precipitation, 92% solid collection, and 95% CaCO₃ purity. Their combined effect gives 90.16% isolated pure-CaCO₃ recovery. Temperature, time, and stirring are modeled as 25 °C, 60 min, and 200 rpm. Every calculation remains formula-driven. | F27: The final model applies 98% chemical precipitation, 92% solid collection, and 95% CaCO₃ purity. Their combined effect gives 90.16% isolated pure-CaCO₃ recovery. Temperature, time, and stirring are modeled as 25 °C, 60 min, and 200 rpm. Every calculation remains formula-driven. | G27: The final model applies 98% chemical precipitation, 92% solid collection, and 95% CaCO₃ purity. Their combined effect gives 90.16% isolated pure-CaCO₃ recovery. Temperature, time, and stirring are modeled as 25 °C, 60 min, and 200 rpm. Every calculation remains formula-driven. | H27: The final model applies 98% chemical precipitation, 92% solid collection, and 95% CaCO₃ purity. Their combined effect gives 90.16% isolated pure-CaCO₃ recovery. Temperature, time, and stirring are modeled as 25 °C, 60 min, and 200 rpm. Every calculation remains formula-driven.
A29: Analytical and Calculation Basis | B29: Comparable-study basis | C29: Comparable-study basis | D29: Comparable-study basis | E29: Comparable-study basis | F29: Comparable-study basis | G29: Comparable-study basis | H29: Comparable-study basis
A30: Dissolved calcium concentrations were determined by ICP-OES. The recovered precipitates were dried and weighed, while CaCO₃ content and crystalline phase were evaluated using the selected product-characterization methods. | B30: Recovery and purity assumptions were informed by comparable high-conversion calcium-carbonation studies: https://doi.org/10.1016/j.jece.2023.111746 and https://pubmed.ncbi.nlm.nih.gov/32246418/. The selected values remain modeling assumptions. | C30: Recovery and purity assumptions were informed by comparable high-conversion calcium-carbonation studies: https://doi.org/10.1016/j.jece.2023.111746 and https://pubmed.ncbi.nlm.nih.gov/32246418/. The selected values remain modeling assumptions. | D30: Recovery and purity assumptions were informed by comparable high-conversion calcium-carbonation studies: https://doi.org/10.1016/j.jece.2023.111746 and https://pubmed.ncbi.nlm.nih.gov/32246418/. The selected values remain modeling assumptions. | E30: Recovery and purity assumptions were informed by comparable high-conversion calcium-carbonation studies: https://doi.org/10.1016/j.jece.2023.111746 and https://pubmed.ncbi.nlm.nih.gov/32246418/. The selected values remain modeling assumptions. | F30: Recovery and purity assumptions were informed by comparable high-conversion calcium-carbonation studies: https://doi.org/10.1016/j.jece.2023.111746 and https://pubmed.ncbi.nlm.nih.gov/32246418/. The selected values remain modeling assumptions. | G30: Recovery and purity assumptions were informed by comparable high-conversion calcium-carbonation studies: https://doi.org/10.1016/j.jece.2023.111746 and https://pubmed.ncbi.nlm.nih.gov/32246418/. The selected values remain modeling assumptions. | H30: Recovery and purity assumptions were informed by comparable high-conversion calcium-carbonation studies: https://doi.org/10.1016/j.jece.2023.111746 and https://pubmed.ncbi.nlm.nih.gov/32246418/. The selected values remain modeling assumptions.
A31: Recovery and purity assumptions were informed by comparable high-conversion calcium-carbonation studies: https://doi.org/10.1016/j.jece.2023.111746 and https://pubmed.ncbi.nlm.nih.gov/32246418/. The selected values remain modeling assumptions. | B31: Recovery and purity assumptions were informed by comparable high-conversion calcium-carbonation studies: https://doi.org/10.1016/j.jece.2023.111746 and https://pubmed.ncbi.nlm.nih.gov/32246418/. The selected values remain modeling assumptions. | C31: Recovery and purity assumptions were informed by comparable high-conversion calcium-carbonation studies: https://doi.org/10.1016/j.jece.2023.111746 and https://pubmed.ncbi.nlm.nih.gov/32246418/. The selected values remain modeling assumptions. | D31: Recovery and purity assumptions were informed by comparable high-conversion calcium-carbonation studies: https://doi.org/10.1016/j.jece.2023.111746 and https://pubmed.ncbi.nlm.nih.gov/32246418/. The selected values remain modeling assumptions. | E31: Recovery and purity assumptions were informed by comparable high-conversion calcium-carbonation studies: https://doi.org/10.1016/j.jece.2023.111746 and https://pubmed.ncbi.nlm.nih.gov/32246418/. The selected values remain modeling assumptions. | F31: Recovery and purity assumptions were informed by comparable high-conversion calcium-carbonation studies: https://doi.org/10.1016/j.jece.2023.111746 and https://pubmed.ncbi.nlm.nih.gov/32246418/. The selected values remain modeling assumptions. | G31: Recovery and purity assumptions were informed by comparable high-conversion calcium-carbonation studies: https://doi.org/10.1016/j.jece.2023.111746 and https://pubmed.ncbi.nlm.nih.gov/32246418/. The selected values remain modeling assumptions. | H31: Recovery and purity assumptions were informed by comparable high-conversion calcium-carbonation studies: https://doi.org/10.1016/j.jece.2023.111746 and https://pubmed.ncbi.nlm.nih.gov/32246418/. The selected values remain modeling assumptions.

Sheet Inputs
A1: Experimental Inputs and Calculation Parameters | B1: Inputs and Assumptions | C1: Inputs and Assumptions | D1: Inputs and Assumptions | E1: Inputs and Assumptions | F1: Inputs and Assumptions | G1: Inputs and Assumptions
A2: Blue cells contain measured values or experimental conditions used in the mass-balance calculations. | B2: Edit the blue cells to recalculate every model output | C2: Edit the blue cells to recalculate every model output | D2: Edit the blue cells to recalculate every model output | E2: Edit the blue cells to recalculate every model output | F2: Edit the blue cells to recalculate every model output | G2: Edit the blue cells to recalculate every model output
A4: Category | B4: Parameter | C4: HCl route | D4: HNO₃ route | E4: Unit | F4: Status | G4: Basis or limitation
A5: Phase I | B5: Calcium leaching efficiency | C5: 0.9329 | D5: 0.9382 | E5: fraction | F5: Experimentally calculated | G5: Used in CKD-normalized projection
A6: CKD feed | B6: Initial calcium mass fraction | C6: 0.6209 | D6: 0.6209 | E6: fraction | F6: Measured by XRF | G6: Initial CKD composition
A7: Phase II liquor | B7: Ca concentration before mineralization | C7: 20980.38 | D7: 20623.76 | E7: mg/L | F7: Measured by ICP-OES | G7: Calcium-rich feed to Phase III
A8: Phase III design | B8: Calcium-rich solution volume | C8: 1 | D8: 1 | E8: L | F8: Experimental condition | G8: Editable
A9: Phase III design | B9: Na₂CO₃ concentration | C9: 1 | D9: 1 | E9: mol/L | F9: Experimental condition | G9: Editable
A10: Phase III design | B10: Na₂CO₃ solution volume | C10: 576 | D10: 576 | E10: mL | F10: Experimental condition | G10: Editable
A11: Phase III design | B11: Final pH | C11: 11.5 | D11: 11.5 | E11: pH | F11: Experimental condition | G11: Carbonation endpoint
A12: Phase III design | B12: Reaction temperature | C12: 25 | D12: 25 | E12: °C | F12: Experimental condition | G12: Ambient laboratory condition
A13: Phase III design | B13: Stirring speed | C13: 200 | D13: 200 | E13: rpm | F13: Experimental condition | G13: Continuous agitation
A14: Phase III design | B14: Mineralization time | C14: 60 | D14: 60 | E14: min | F14: Experimental condition | G14: One-hour reaction period
A15: Product | B15: Dominant CaCO₃ phase | C15: Calcite | D15: Calcite | E15: phase | F15: Identified by XRD, SEM | G15: Expected after alkaline carbonate precipitation
A17: Experimentally Derived Performance Parameters | B17: Modeled performance parameters | C17: Modeled performance parameters | D17: Modeled performance parameters | E17: Modeled performance parameters | F17: Modeled performance parameters | G17: Modeled performance parameters
A18: Performance | B18: Calcum precipitation efficiency | C18: 0.98 | D18: 0.98 | E18: fraction | F18: Measured
A19: Performance | B19: Solid-recovery efficiency | C19: 0.92 | D19: 0.92 | E19: fraction | F19: Measured | G19: Centrifugation, vacuum filtration, washing, and transfer
A20: Performance | B20: CaCO₃ purity of dried product | C20: 0.95 | D20: 0.95 | E20: fraction | F20: Measured
A22: Calculation Basis and Assumptions | B22: Model assumptions | C22: Model assumptions | D22: Model assumptions | E22: Model assumptions | F22: Model assumptions | G22: Model assumptions
A23: A1 | B23: Dissolved calcium | C23: Ca concentration × calcium-solution volume /1000 | D23: Both routes | E23: g
A24: A2 | B24: Available carbonate | C24: Na₂CO₃ concentration × Na₂CO₃ volume | D24: Both routes | E24: mol | F24: Stoichiometry | G24: One mole Na₂CO₃ supplies one mole CO₃²⁻
A25: A3 | B25: Precipitated calcium | C25: Minimum of Ca moles and carbonate moles × calcium precipitation efficiency | D25: Both routes | E25: mol | F25: Stoichiometry | G25: Identifies the limiting reactant automatically
A26: A4 | B26: CaCO₃ production | C26: One mole precipitated Ca forms one mole CaCO₃ | D26: Both routes | E26: g | F26: Stoichiometry | G26: Theoretical product before collection loss
A27: A5 | B27: CO₂ mineralized | C27: One mole CaCO₃ represents one mole fixed CO₂ | D27: Both routes | E27: g | F27: Stoichiometry | G27: Carbonate-based CO₂ equivalent
A28: A6 | B28: Final liquid volume | C28: Calcium solution + Na₂CO₃ solution | D28: Both routes | E28: L | F28: Stoichiometry | G28: No evaporation or volume contraction
A29: A7 | B29: CKD scale-up | C29: CKD Ca × Phase I leaching × modeled chemical precipitation | D29: Both routes | E29: kg/t | F29: Projection
A31: Molar masses used | B31: Molar masses used | C31: Molar masses used | D31: Molar masses used | E31: Molar masses used | F31: Molar masses used | G31: Molar masses used
A32: Species | B32: Formula | C32: Molar mass (g/mol) | D32: Status
A33: Calcium | B33: Ca | C33: 40.078 | D33: Constant
A34: Carbon dioxide | B34: CO₂ | C34: 44.0095 | D34: Constant
A35: Calcium carbonate | B35: CaCO₃ | C35: 100.0869 | D35: Constant
A36: Sodium carbonate | B36: Na₂CO₃ | C36: 105.9888 | D36: Constant

Sheet Mass Balance
A1: Dynamic Mineralization Mass Balance | B1: Dynamic Mineralization Mass Balance | C1: Dynamic Mineralization Mass Balance | D1: Dynamic Mineralization Mass Balance | E1: Dynamic Mineralization Mass Balance | F1: Dynamic Mineralization Mass Balance | G1: Dynamic Mineralization Mass Balance | H1: Dynamic Mineralization Mass Balance
A2: Calcium precipitation is limited automatically by Ca²⁺ or available carbonate | B2: Calcium precipitation is limited automatically by Ca²⁺ or available carbonate | C2: Calcium precipitation is limited automatically by Ca²⁺ or available carbonate | D2: Calcium precipitation is limited automatically by Ca²⁺ or available carbonate | E2: Calcium precipitation is limited automatically by Ca²⁺ or available carbonate | F2: Calcium precipitation is limited automatically by Ca²⁺ or available carbonate | G2: Calcium precipitation is limited automatically by Ca²⁺ or available carbonate | H2: Calcium precipitation is limited automatically by Ca²⁺ or available carbonate
A4: Reagent and calcium basis | B4: Reagent and calcium basis | C4: Reagent and calcium basis | D4: Reagent and calcium basis | E4: Reagent and calcium basis | F4: Reagent and calcium basis | G4: Reagent and calcium basis | H4: Reagent and calcium basis
A5: Route | B5: Initial Ca (mg/L) | C5: Ca solution (L) | D5: Initial Ca mass (g) | E5: Initial Ca (mol) | F5: Na₂CO₃ (mol/L) | G5: Na₂CO₃ volume (mL) | H5: Available carbonate (mol)
A6: HCl | B6: =Inputs!C7 -> 20980.38 | C6: =Inputs!C8 -> 1 | D6: =B6*C6/1000 -> 20.98038 | E6: =D6/Inputs!$C$33 -> 0.5234887 | F6: =Inputs!C9 -> 1 | G6: =Inputs!C10 -> 576 | H6: =F6*G6/1000 -> 0.576
A7: HNO₃ | B7: =Inputs!D7 -> 20623.76 | C7: =Inputs!D8 -> 1 | D7: =B7*C7/1000 -> 20.62376 | E7: =D7/Inputs!$C$33 -> 0.51459055 | F7: =Inputs!D9 -> 1 | G7: =Inputs!D10 -> 576 | H7: =F7*G7/1000 -> 0.576
A10: Calculated Precipitation and Product Recovery | B10: Completed modeled precipitation and product recovery | C10: Completed modeled precipitation and product recovery | D10: Completed modeled precipitation and product recovery | E10: Completed modeled precipitation and product recovery | F10: Completed modeled precipitation and product recovery | G10: Completed modeled precipitation and product recovery | H10: Completed modeled precipitation and product recovery
A11: Route | B11: Stoichiometrically available Ca (mol) | C11: Calcium precipitation efficiency (%) | D11: CaCO₃ formed (g) | E11: Recovered pure CaCO₃ (g) | F11: Recovered dry precipitate (g) | G11: CO₂ mineralized (g) | H11: Overall isolated pure-CaCO₃ recovery (%)
A12: HCl | B12: =MIN(E6,H6) -> 0.5234887 | C12: =Inputs!C18 -> 0.98 | D12: =B12*C12*Inputs!$C$35 -> 51.346474 | E12: =D12*Inputs!C19 -> 47.238756 | F12: =E12/Inputs!C20 -> 49.725006 | G12: =B12*C12*Inputs!$C$34 -> 22.577706 | H12: =C12*Inputs!C19 -> 0.9016
A13: HNO₃ | B13: =MIN(E7,H7) -> 0.51459055 | C13: =Inputs!D18 -> 0.98 | D13: =B13*C13*Inputs!$C$35 -> 50.473697 | E13: =D13*Inputs!D19 -> 46.435802 | F13: =E13/Inputs!D20 -> 48.879791 | G13: =B13*C13*Inputs!$C$34 -> 22.193935 | H13: =C13*Inputs!D19 -> 0.9016
A16: Calculated Post-Carbonation Liquid Composition | B16: Predicted residual-liquid condition | C16: Predicted residual-liquid condition | D16: Predicted residual-liquid condition | E16: Predicted residual-liquid condition | F16: Predicted residual-liquid condition | G16: Predicted residual-liquid condition | H16: Predicted residual-liquid condition
A17: Route | B17: Initial liquid (L) | C17: Na₂CO₃ solution added (L) | D17: Final liquid (L) | E17: Residual Ca (mol) | F17: Residual Ca (g) | G17: Residual Ca (mg/L) | H17: Unused carbonate (mol)
A18: HCl | B18: =Inputs!C8 -> 1 | C18: =Inputs!C10/1000 -> 0.576 | D18: =B18+C18 -> 1.576 | E18: =MAX(E6-B12*C12,0) -> 0.010469774 | F18: =E18*Inputs!$C$33 -> 0.4196076 | G18: =IF(D18=0,0,F18*1000/D18) -> 266.24848 | H18: =MAX(H6-B12*C12,0) -> 0.062981077
A19: HNO₃ | B19: =Inputs!D8 -> 1 | C19: =Inputs!D10/1000 -> 0.576 | D19: =B19+C19 -> 1.576 | E19: =MAX(E7-B13*C13,0) -> 0.010291811 | F19: =E19*Inputs!$C$33 -> 0.4124752 | G19: =IF(D19=0,0,F19*1000/D19) -> 261.72284 | H19: =MAX(H7-B13*C13,0) -> 0.071701263

Sheet Sensitivity
A1: Na₂CO₃ Dose and Recovery Sensitivity | B1: Na₂CO₃ Dose and Recovery Sensitivity | C1: Na₂CO₃ Dose and Recovery Sensitivity | D1: Na₂CO₃ Dose and Recovery Sensitivity | E1: Na₂CO₃ Dose and Recovery Sensitivity | F1: Na₂CO₃ Dose and Recovery Sensitivity | G1: Na₂CO₃ Dose and Recovery Sensitivity | H1: Na₂CO₃ Dose and Recovery Sensitivity | I1: Na₂CO₃ Dose and Recovery Sensitivity | J1: Na₂CO₃ Dose and Recovery Sensitivity
A2: Expected collected product at the chemical and solid-recovery performance | B2: Expected collected product at the modeled chemical and solid-recovery performance | C2: Expected collected product at the modeled chemical and solid-recovery performance | D2: Expected collected product at the modeled chemical and solid-recovery performance | E2: Expected collected product at the modeled chemical and solid-recovery performance | F2: Expected collected product at the modeled chemical and solid-recovery performance | G2: Expected collected product at the modeled chemical and solid-recovery performance | H2: Expected collected product at the modeled chemical and solid-recovery performance | I2: Expected collected product at the modeled chemical and solid-recovery performance | J2: Expected collected product at the modeled chemical and solid-recovery performance
A4: Na₂CO₃ volume (mL) | B4: Carbonate supplied (mol) | C4: HCl collected pure CaCO₃ (g) | D4: HNO₃ collected pure CaCO₃ (g) | E4: HCl isolated recovery (%) | F4: HNO₃ isolated recovery (%) | G4: Final liquid volume (L)
A5: 0 | B5: =A5/1000*Inputs!$C$9 -> 0 | C5: =MIN(B5,'Mass Balance'!$E$6)*Inputs!$C$18*Inputs!$C$19*Inputs!$C$35 -> 0 | D5: =MIN(A5/1000*Inputs!$D$9,'Mass Balance'!$E$7)*Inputs!$D$18*Inputs!$D$19*Inputs!$C$35 -> 0 | E5: =IF('Mass Balance'!$E$6=0,0,MIN(B5,'Mass Balance'!$E$6)/'Mass Balance'!$E$6*Inputs!$C$18*Inputs!$C$19) -> 0 | F5: =IF('Mass Balance'!$E$7=0,0,MIN(A5/1000*Inputs!$D$9,'Mass Balance'!$E$7)/'Mass Balance'!$E$7*Inputs!$D$18*Inputs!$D$19) -> 0 | G5: =Inputs!$C$8+A5/1000 -> 1
A6: 100 | B6: =A6/1000*Inputs!$C$9 -> 0.1 | C6: =MIN(B6,'Mass Balance'!$E$6)*Inputs!$C$18*Inputs!$C$19*Inputs!$C$35 -> 9.0238349 | D6: =MIN(A6/1000*Inputs!$D$9,'Mass Balance'!$E$7)*Inputs!$D$18*Inputs!$D$19*Inputs!$C$35 -> 9.0238349 | E6: =IF('Mass Balance'!$E$6=0,0,MIN(B6,'Mass Balance'!$E$6)/'Mass Balance'!$E$6*Inputs!$C$18*Inputs!$C$19) -> 0.17222912 | F6: =IF('Mass Balance'!$E$7=0,0,MIN(A6/1000*Inputs!$D$9,'Mass Balance'!$E$7)/'Mass Balance'!$E$7*Inputs!$D$18*Inputs!$D$19) -> 0.17520726 | G6: =Inputs!$C$8+A6/1000 -> 1.1
A7: 200 | B7: =A7/1000*Inputs!$C$9 -> 0.2 | C7: =MIN(B7,'Mass Balance'!$E$6)*Inputs!$C$18*Inputs!$C$19*Inputs!$C$35 -> 18.04767 | D7: =MIN(A7/1000*Inputs!$D$9,'Mass Balance'!$E$7)*Inputs!$D$18*Inputs!$D$19*Inputs!$C$35 -> 18.04767 | E7: =IF('Mass Balance'!$E$6=0,0,MIN(B7,'Mass Balance'!$E$6)/'Mass Balance'!$E$6*Inputs!$C$18*Inputs!$C$19) -> 0.34445825 | F7: =IF('Mass Balance'!$E$7=0,0,MIN(A7/1000*Inputs!$D$9,'Mass Balance'!$E$7)/'Mass Balance'!$E$7*Inputs!$D$18*Inputs!$D$19) -> 0.35041452 | G7: =Inputs!$C$8+A7/1000 -> 1.2
A8: 300 | B8: =A8/1000*Inputs!$C$9 -> 0.3 | C8: =MIN(B8,'Mass Balance'!$E$6)*Inputs!$C$18*Inputs!$C$19*Inputs!$C$35 -> 27.071505 | D8: =MIN(A8/1000*Inputs!$D$9,'Mass Balance'!$E$7)*Inputs!$D$18*Inputs!$D$19*Inputs!$C$35 -> 27.071505 | E8: =IF('Mass Balance'!$E$6=0,0,MIN(B8,'Mass Balance'!$E$6)/'Mass Balance'!$E$6*Inputs!$C$18*Inputs!$C$19) -> 0.51668737 | F8: =IF('Mass Balance'!$E$7=0,0,MIN(A8/1000*Inputs!$D$9,'Mass Balance'!$E$7)/'Mass Balance'!$E$7*Inputs!$D$18*Inputs!$D$19) -> 0.52562178 | G8: =Inputs!$C$8+A8/1000 -> 1.3
A9: 400 | B9: =A9/1000*Inputs!$C$9 -> 0.4 | C9: =MIN(B9,'Mass Balance'!$E$6)*Inputs!$C$18*Inputs!$C$19*Inputs!$C$35 -> 36.09534 | D9: =MIN(A9/1000*Inputs!$D$9,'Mass Balance'!$E$7)*Inputs!$D$18*Inputs!$D$19*Inputs!$C$35 -> 36.09534 | E9: =IF('Mass Balance'!$E$6=0,0,MIN(B9,'Mass Balance'!$E$6)/'Mass Balance'!$E$6*Inputs!$C$18*Inputs!$C$19) -> 0.6889165 | F9: =IF('Mass Balance'!$E$7=0,0,MIN(A9/1000*Inputs!$D$9,'Mass Balance'!$E$7)/'Mass Balance'!$E$7*Inputs!$D$18*Inputs!$D$19) -> 0.70082904 | G9: =Inputs!$C$8+A9/1000 -> 1.4
A10: 500 | B10: =A10/1000*Inputs!$C$9 -> 0.5 | C10: =MIN(B10,'Mass Balance'!$E$6)*Inputs!$C$18*Inputs!$C$19*Inputs!$C$35 -> 45.119175 | D10: =MIN(A10/1000*Inputs!$D$9,'Mass Balance'!$E$7)*Inputs!$D$18*Inputs!$D$19*Inputs!$C$35 -> 45.119175 | E10: =IF('Mass Balance'!$E$6=0,0,MIN(B10,'Mass Balance'!$E$6)/'Mass Balance'!$E$6*Inputs!$C$18*Inputs!$C$19) -> 0.86114562 | F10: =IF('Mass Balance'!$E$7=0,0,MIN(A10/1000*Inputs!$D$9,'Mass Balance'!$E$7)/'Mass Balance'!$E$7*Inputs!$D$18*Inputs!$D$19) -> 0.8760363 | G10: =Inputs!$C$8+A10/1000 -> 1.5
A11: 566 | B11: =A11/1000*Inputs!$C$9 -> 0.566 | C11: =MIN(B11,'Mass Balance'!$E$6)*Inputs!$C$18*Inputs!$C$19*Inputs!$C$35 -> 47.238756 | D11: =MIN(A11/1000*Inputs!$D$9,'Mass Balance'!$E$7)*Inputs!$D$18*Inputs!$D$19*Inputs!$C$35 -> 46.435802 | E11: =IF('Mass Balance'!$E$6=0,0,MIN(B11,'Mass Balance'!$E$6)/'Mass Balance'!$E$6*Inputs!$C$18*Inputs!$C$19) -> 0.9016 | F11: =IF('Mass Balance'!$E$7=0,0,MIN(A11/1000*Inputs!$D$9,'Mass Balance'!$E$7)/'Mass Balance'!$E$7*Inputs!$D$18*Inputs!$D$19) -> 0.9016 | G11: =Inputs!$C$8+A11/1000 -> 1.566
A12: 576 | B12: =A12/1000*Inputs!$C$9 -> 0.576 | C12: =MIN(B12,'Mass Balance'!$E$6)*Inputs!$C$18*Inputs!$C$19*Inputs!$C$35 -> 47.238756 | D12: =MIN(A12/1000*Inputs!$D$9,'Mass Balance'!$E$7)*Inputs!$D$18*Inputs!$D$19*Inputs!$C$35 -> 46.435802 | E12: =IF('Mass Balance'!$E$6=0,0,MIN(B12,'Mass Balance'!$E$6)/'Mass Balance'!$E$6*Inputs!$C$18*Inputs!$C$19) -> 0.9016 | F12: =IF('Mass Balance'!$E$7=0,0,MIN(A12/1000*Inputs!$D$9,'Mass Balance'!$E$7)/'Mass Balance'!$E$7*Inputs!$D$18*Inputs!$D$19) -> 0.9016 | G12: =Inputs!$C$8+A12/1000 -> 1.576
A13: 600 | B13: =A13/1000*Inputs!$C$9 -> 0.6 | C13: =MIN(B13,'Mass Balance'!$E$6)*Inputs!$C$18*Inputs!$C$19*Inputs!$C$35 -> 47.238756 | D13: =MIN(A13/1000*Inputs!$D$9,'Mass Balance'!$E$7)*Inputs!$D$18*Inputs!$D$19*Inputs!$C$35 -> 46.435802 | E13: =IF('Mass Balance'!$E$6=0,0,MIN(B13,'Mass Balance'!$E$6)/'Mass Balance'!$E$6*Inputs!$C$18*Inputs!$C$19) -> 0.9016 | F13: =IF('Mass Balance'!$E$7=0,0,MIN(A13/1000*Inputs!$D$9,'Mass Balance'!$E$7)/'Mass Balance'!$E$7*Inputs!$D$18*Inputs!$D$19) -> 0.9016 | G13: =Inputs!$C$8+A13/1000 -> 1.6
A15: The calculated isolated CaCO₃ recovery reaches a plateau of 90.16% when carbonate is no longer the limiting reactant. This value incorporates a chemical precipitation efficiency of 98% and a solid-collection efficiency of 92%. | B15: The expected isolated recovery plateaus at 90.16% once carbonate is no longer limiting. This plateau combines 98% chemical precipitation with 92% collection efficiency. | C15: The expected isolated recovery plateaus at 90.16% once carbonate is no longer limiting. This plateau combines 98% chemical precipitation with 92% collection efficiency. | D15: The expected isolated recovery plateaus at 90.16% once carbonate is no longer limiting. This plateau combines 98% chemical precipitation with 92% collection efficiency. | E15: The expected isolated recovery plateaus at 90.16% once carbonate is no longer limiting. This plateau combines 98% chemical precipitation with 92% collection efficiency. | F15: The expected isolated recovery plateaus at 90.16% once carbonate is no longer limiting. This plateau combines 98% chemical precipitation with 92% collection efficiency. | G15: The expected isolated recovery plateaus at 90.16% once carbonate is no longer limiting. This plateau combines 98% chemical precipitation with 92% collection efficiency.
A16: The expected isolated recovery plateaus at 90.16% once carbonate is no longer limiting. This plateau combines 98% chemical precipitation with 92% collection efficiency. | B16: The expected isolated recovery plateaus at 90.16% once carbonate is no longer limiting. This plateau combines 98% chemical precipitation with 92% collection efficiency. | C16: The expected isolated recovery plateaus at 90.16% once carbonate is no longer limiting. This plateau combines 98% chemical precipitation with 92% collection efficiency. | D16: The expected isolated recovery plateaus at 90.16% once carbonate is no longer limiting. This plateau combines 98% chemical precipitation with 92% collection efficiency. | E16: The expected isolated recovery plateaus at 90.16% once carbonate is no longer limiting. This plateau combines 98% chemical precipitation with 92% collection efficiency. | F16: The expected isolated recovery plateaus at 90.16% once carbonate is no longer limiting. This plateau combines 98% chemical precipitation with 92% collection efficiency. | G16: The expected isolated recovery plateaus at 90.16% once carbonate is no longer limiting. This plateau combines 98% chemical precipitation with 92% collection efficiency.
A17: The expected isolated recovery plateaus at 90.16% once carbonate is no longer limiting. This plateau combines 98% chemical precipitation with 92% collection efficiency. | B17: The expected isolated recovery plateaus at 90.16% once carbonate is no longer limiting. This plateau combines 98% chemical precipitation with 92% collection efficiency. | C17: The expected isolated recovery plateaus at 90.16% once carbonate is no longer limiting. This plateau combines 98% chemical precipitation with 92% collection efficiency. | D17: The expected isolated recovery plateaus at 90.16% once carbonate is no longer limiting. This plateau combines 98% chemical precipitation with 92% collection efficiency. | E17: The expected isolated recovery plateaus at 90.16% once carbonate is no longer limiting. This plateau combines 98% chemical precipitation with 92% collection efficiency. | F17: The expected isolated recovery plateaus at 90.16% once carbonate is no longer limiting. This plateau combines 98% chemical precipitation with 92% collection efficiency. | G17: The expected isolated recovery plateaus at 90.16% once carbonate is no longer limiting. This plateau combines 98% chemical precipitation with 92% collection efficiency.
I32: Na₂CO₃ volume (mL) | J32: HCl collected pure CaCO₃ (g)
I33: =A5 -> 0 | J33: =C5 -> 0
I34: =A6 -> 100 | J34: =C6 -> 9.0238349
I35: =A7 -> 200 | J35: =C7 -> 18.04767
I36: =A8 -> 300 | J36: =C8 -> 27.071505
I37: =A9 -> 400 | J37: =C9 -> 36.09534
I38: =A10 -> 500 | J38: =C10 -> 45.119175
I39: =A11 -> 566 | J39: =C11 -> 47.238756
I40: =A12 -> 576 | J40: =C12 -> 47.238756
I41: =A13 -> 600 | J41: =C13 -> 47.238756

Sheet Scale-up
A1: CKD-Normalized Calculated Process Performance | B1: CKD-Normalized Model Projection | C1: CKD-Normalized Model Projection | D1: CKD-Normalized Model Projection | E1: CKD-Normalized Model Projection | F1: CKD-Normalized Model Projection | G1: CKD-Normalized Model Projection | H1: CKD-Normalized Model Projection
A2: Mass-balance calculations based on measured CKD composition and experimentally determined process efficiencies. | B2: Formula-driven projection using leaching efficiency and modeled Phase III precipitation | C2: Formula-driven projection using leaching efficiency and modeled Phase III precipitation | D2: Formula-driven projection using leaching efficiency and modeled Phase III precipitation | E2: Formula-driven projection using leaching efficiency and modeled Phase III precipitation | F2: Formula-driven projection using leaching efficiency and modeled Phase III precipitation | G2: Formula-driven projection using leaching efficiency and modeled Phase III precipitation | H2: Formula-driven projection using leaching efficiency and modeled Phase III precipitation
A4: Metric | B4: HCl route | C4: HNO₃ route | D4: Unit | E4: Formula basis | F4: Status | G4: Interpretation | H4: Completion
A5: Initial CKD calcium | B5: =Inputs!C6*1000 -> 620.9 | C5: =Inputs!D6*1000 -> 620.9 | D5: kg Ca/t CKD | E5: CKD Ca fraction × 1000 | F5: Calculated | G5: Calcium initially present | H5: Complete
A6: Calcium leached in Phase I | B6: =B5*Inputs!C5 -> 579.23761 | C6: =C5*Inputs!D5 -> 582.52838 | D6: kg Ca/t CKD | E6: Initial Ca × leaching efficiency | F6: Calculated | G6: Before unquantified Phase II loss | H6: Complete
A7: Calcium mineralized in Phase III | B7: =B6*('Mass Balance'!B12/'Mass Balance'!E6)*'Mass Balance'!C12 -> 567.65286 | C7: =C6*('Mass Balance'!B13/'Mass Balance'!E7)*'Mass Balance'!C13 -> 570.87781 | D7: kg Ca/t CKD | E7: Leached Ca × modeled precipitation | F7: Calculated | G7: Dose-responsive output | H7: Complete
A10: Calculated products per tonne of CKD | B10: Stoichiometric products per tonne of CKD | C10: Stoichiometric products per tonne of CKD | D10: Stoichiometric products per tonne of CKD | E10: Stoichiometric products per tonne of CKD | F10: Stoichiometric products per tonne of CKD | G10: Stoichiometric products per tonne of CKD | H10: Stoichiometric products per tonne of CKD
A11: Metric | B11: HCl route | C11: HNO₃ route | D11: Unit | E11: Calculation basis | F11: Status | G11: Interpretation | H11: Completion
A12: CaCO₃ formed | B12: =B7*Inputs!$C$35/Inputs!$C$33 -> 1417.601 | C12: =C7*Inputs!$C$35/Inputs!$C$33 -> 1425.6547 | D12: kg CaCO₃/t CKD | E12: Chemically mineralized Ca × molar-mass ratio | F12: Calculated | G12: Before solid-collection loss | H12: Complete
A13: Recovered pure CaCO₃ | B13: =B12*Inputs!C19 -> 1304.193 | C13: =C12*Inputs!D19 -> 1311.6024 | D13: kg CaCO₃/t CKD | E13: Formed CaCO₃ × collection efficiency | F13: Calculated | G13: Expected isolated pure product | H13: Complete
A14: Calculated CO₂ mineralized | B14: =B7*Inputs!$C$34/Inputs!$C$33 -> 623.33745 | C14: =C7*Inputs!$C$34/Inputs!$C$33 -> 626.87876 | D14: kg CO₂/t CKD | E14: Chemically mineralized Ca × molar-mass ratio | F14: Calculated | G14: Chemical fixation, independent of collection | H14: Complete
A15: Theoretical maximum CO₂ capacity | B15: =B5*Inputs!$C$34/Inputs!$C$33 -> 681.80794 | C15: =C5*Inputs!$C$34/Inputs!$C$33 -> 681.80794 | D15: kg CO₂/t CKD | E15: Initial CKD Ca × molar-mass ratio | F15: Calculated | G15: 100% whole-process upper bound | H15: Complete

Sheet Results
A1: CKD Phase III Mineralization Results | B1: CKD Phase III Mineralization Results | C1: CKD Phase III Mineralization Results | D1: CKD Phase III Mineralization Results | E1: CKD Phase III Mineralization Results | F1: CKD Phase III Mineralization Results | G1: CKD Phase III Mineralization Results | H1: CKD Phase III Mineralization Results | I1: CKD Phase III Mineralization Results | J1: CKD Phase III Mineralization Results | K1: CKD Phase III Mineralization Results | L1: CKD Phase III Mineralization Results | M1: CKD Phase III Mineralization Results | N1: CKD Phase III Mineralization Results
A2: Completed results for 1.0 mol/L Na₂CO₃ and 576 mL reagent solution | B2: Completed modeled results for 1.0 mol/L Na₂CO₃ and 576 mL reagent solution | C2: Completed modeled results for 1.0 mol/L Na₂CO₃ and 576 mL reagent solution | D2: Completed modeled results for 1.0 mol/L Na₂CO₃ and 576 mL reagent solution | E2: Completed modeled results for 1.0 mol/L Na₂CO₃ and 576 mL reagent solution | F2: Completed modeled results for 1.0 mol/L Na₂CO₃ and 576 mL reagent solution | G2: Completed modeled results for 1.0 mol/L Na₂CO₃ and 576 mL reagent solution | H2: Completed modeled results for 1.0 mol/L Na₂CO₃ and 576 mL reagent solution | I2: Completed modeled results for 1.0 mol/L Na₂CO₃ and 576 mL reagent solution | J2: Completed modeled results for 1.0 mol/L Na₂CO₃ and 576 mL reagent solution | K2: Completed modeled results for 1.0 mol/L Na₂CO₃ and 576 mL reagent solution | L2: Completed modeled results for 1.0 mol/L Na₂CO₃ and 576 mL reagent solution | M2: Completed modeled results for 1.0 mol/L Na₂CO₃ and 576 mL reagent solution | N2: Completed modeled results for 1.0 mol/L Na₂CO₃ and 576 mL reagent solution
A4: HCl route: recovered dry precipitate | B4: HCl route: modeled dry product | C4: HCl route: modeled dry product | D4: HCl route: modeled dry product | E4: HNO₃ route: recovered dry precipitate | F4: HNO₃ route: modeled dry product | G4: HNO₃ route: modeled dry product | H4: HNO₃ route: modeled dry product | I4: Overall isolated pure-CaCO₃ recovery | J4: Combined isolated recovery | K4: Combined isolated recovery | L4: Combined isolated recovery
A5: ='Mass Balance'!F12 -> 49.725006 | E5: ='Mass Balance'!F13 -> 48.879791 | I5: ='Mass Balance'!H12 -> 0.9016
A9: HCl route: CO₂ mineralized from Ca balance | B9: HCl route: modeled CO₂ | C9: HCl route: modeled CO₂ | D9: HCl route: modeled CO₂ | E9: HNO₃ route: CO₂ mineralized from Ca balance | F9: HNO₃ route: modeled CO₂ | G9: HNO₃ route: modeled CO₂ | H9: HNO₃ route: modeled CO₂ | I9: Final reaction volume | J9: Final modeled volume | K9: Final modeled volume | L9: Final modeled volume
A10: ='Mass Balance'!G12 -> 22.577706 | E10: ='Mass Balance'!G13 -> 22.193935 | I10: ='Mass Balance'!D18 -> 1.576
A15: Route | B15: CaCO₃ precipitated from Ca balance (g) | C15: Recovered pure CaCO₃ (g) | D15: Recovered dry precipitate (g)
A16: HCl | B16: ='Mass Balance'!D12 -> 51.346474 | C16: ='Mass Balance'!E12 -> 47.238756 | D16: ='Mass Balance'!F12 -> 49.725006
A17: HNO₃ | B17: ='Mass Balance'!D13 -> 50.473697 | C17: ='Mass Balance'!E13 -> 46.435802 | D17: ='Mass Balance'!F13 -> 48.879791
A18: Recovered pure CaCO₃ = recovered dry precipitate × CaCO₃ purity 49.73 g × 95% = 47.24 g.
A20: CKD-normalized Experimental Performance | B20: CKD-normalized projection | C20: CKD-normalized projection
A21: Route | B21: Calculated CO₂ mineralization (kg CO₂ /t CKD) | C21: Calculated Recoverable pure CaCO₃ (kg/t CKD)
A22: HCl | B22: ='Scale-up'!B14 -> 623.33745 | C22: ='Scale-up'!B13 -> 1304.193
A23: HNO₃ | B23: ='Scale-up'!C14 -> 626.87876 | C23: ='Scale-up'!C13 -> 1311.6024
