Workbook

Sheet All Six Tests
A1: BOF composition before and after HCl extraction | B1: Modelled BOF composition before and after HCl extraction | C1: Modelled BOF composition before and after HCl extraction | D1: Modelled BOF composition before and after HCl extraction | E1: Modelled BOF composition before and after HCl extraction | F1: Modelled BOF composition before and after HCl extraction | G1: Modelled BOF composition before and after HCl extraction | H1: Modelled BOF composition before and after HCl extraction
A3: Component (wt%) | B3: Before extraction | C3: BOF1 | D3: BOF2 | E3: BOF3 | F3: BOF4 | G3: BOF5 | H3: BOF6
A4: CaO | B4: 0.5179 | C4: =C32/C$44 -> 0.25068579 | D4: =D32/D$44 -> 0.30268734 | E4: =E32/E$44 -> 0.22424012 | F4: =F32/F$44 -> 0.28409767 | G4: =G32/G$44 -> 0.34144658 | H4: =H32/H$44 -> 0.13348856
A5: Fe | B5: 0.1865 | C5: =C33/C$44 -> 0.240484 | D5: =D33/D$44 -> 0.21800035 | E5: =E33/E$44 -> 0.20187673 | F5: =F33/F$44 -> 0.23314605 | G5: =G33/G$44 -> 0.22243602 | H5: =H33/H$44 -> 0.20296355
A6: SiO₂ | B6: 0.113 | C6: =C34/C$44 -> 0.22416739 | D6: =D34/D$44 -> 0.21304194 | E6: =E34/E$44 -> 0.27181495 | F6: =F34/F$44 -> 0.21083993 | G6: =G34/G$44 -> 0.18718551 | H6: =H34/H$44 -> 0.32361903
A7: MgO | B7: 0.0397 | C7: =C35/C$44 -> 0.047253692 | D7: =D35/D$44 -> 0.043411537 | E7: =E35/E$44 -> 0.040108341 | F7: =F35/F$44 -> 0.045925789 | G7: =G35/G$44 -> 0.043403848 | H7: =H35/H$44 -> 0.039793686
A8: MnO | B8: 0.0379 | C8: =C36/C$44 -> 0.04135194 | D8: =D36/D$44 -> 0.037870561 | E8: =E36/E$44 -> 0.033731514 | F8: =F36/F$44 -> 0.041014898 | G8: =G36/G$44 -> 0.040180281 | H8: =H36/H$44 -> 0.032562375
A9: P₂O₅ | B9: 0.0232 | C9: =C37/C$44 -> 0.046023747 | D9: =D37/D$44 -> 0.043739584 | E9: =E37/E$44 -> 0.055806256 | F9: =F37/F$44 -> 0.043287491 | G9: =G37/G$44 -> 0.038431008 | H9: =H37/H$44 -> 0.066442138
A10: Al₂O₃ | B10: 0.0185 | C10: =C38/C$44 -> 0.025689979 | D10: =D38/D$44 -> 0.023368627 | E10: =E38/E$44 -> 0.023140353 | F10: =F38/F$44 -> 0.02485299 | G10: =G38/G$44 -> 0.022984062 | H10: =H38/H$44 -> 0.023841845
A11: V₂O₅ | B11: 0.0095 | C11: =C39/C$44 -> 0.018845931 | D11: =D39/D$44 -> 0.017910605 | E11: =E39/E$44 -> 0.0228517 | F11: =F39/F$44 -> 0.017725481 | G11: =G39/G$44 -> 0.015736835 | H11: =H39/H$44 -> 0.02720691
A12: Cr₂O₃ | B12: 0.0031 | C12: =C40/C$44 -> 0.0049197798 | D12: =D40/D$44 -> 0.004383385 | E12: =E40/E$44 -> 0.0044741223 | F12: =F40/F$44 -> 0.0045116014 | G12: =G40/G$44 -> 0.0042108458 | H12: =H40/H$44 -> 0.0048829244
A13: S | B13: 0.0006 | C13: =C41/C$44 -> 0.0011902693 | D13: =D41/D$44 -> 0.0011311961 | E13: =E41/E$44 -> 0.0014432652 | F13: =F41/F$44 -> 0.0011195041 | G13: =G41/G$44 -> 0.00099390537 | H13: =H41/H$44 -> 0.0017183312
A14: MoO₃ | B14: 0.0001 | C14: =C42/C$44 -> 0.00019837822 | D14: =D42/D$44 -> 0.00018853269 | E14: =E42/E$44 -> 0.00024054421 | F14: =F42/F$44 -> 0.00018658401 | G14: =G42/G$44 -> 0.0001656509 | H14: =H42/H$44 -> 0.00028638853
A15: Other components | B15: 0.05 | C15: =C43/C$44 -> 0.099189109 | D15: =D43/D$44 -> 0.094266344 | E15: =E43/E$44 -> 0.1202721 | F15: =F43/F$44 -> 0.093292006 | G15: =G43/G$44 -> 0.082825448 | H15: =H43/H$44 -> 0.14319426
A17: Metric | B17: Before extraction | C17: BOF1 | D17: BOF2 | E17: BOF3 | F17: BOF4 | G17: BOF5 | H17: BOF6
A18: Ca recovery | C18: =$B$24 -> 0.756 | D18: =$B$25 -> 0.69 | E18: =$B$26 -> 0.82 | F18: =$B$27 -> 0.706 | G18: =$B$28 -> 0.602 | H18: =$B$29 -> 0.91
A19: Estimated dry solid mass (g) | B19: 10 | C19: =C$44 -> 5.040876 | D19: =D$44 -> 5.30412 | E19: =E$44 -> 4.15724 | F19: =F$44 -> 5.359516 | G19: =G$44 -> 6.036792 | H19: =H$44 -> 3.49176
A20: Case classification | B20: Raw BOF | C20: Intermediate | D20: Intermediate | E20: Intermediate | F20: Intermediate | G20: Worst Ca recovery | H20: Best Ca recovery
A22: Calculation inputs and residual mass balance
A23: Trial | B23: Ca recovery | C23: Fe recovery | D23: Mg recovery | E23: Al recovery | F23: Mn recovery | G23: Cr recovery
A24: BOF1 | B24: 0.756 | C24: 0.35 | D24: 0.4 | E24: 0.3 | F24: 0.45 | G24: 0.2
A25: BOF2 | B25: 0.69 | C25: 0.38 | D25: 0.42 | E25: 0.33 | F25: 0.47 | G25: 0.25
A26: BOF3 | B26: 0.82 | C26: 0.55 | D26: 0.58 | E26: 0.48 | F26: 0.63 | G26: 0.4
A27: BOF4 | B27: 0.706 | C27: 0.33 | D27: 0.38 | E27: 0.28 | F27: 0.42 | G27: 0.22
A28: BOF5 | B28: 0.602 | C28: 0.28 | D28: 0.34 | E28: 0.25 | F28: 0.36 | G28: 0.18
A29: BOF6 | B29: 0.91 | C29: 0.62 | D29: 0.65 | E29: 0.55 | F29: 0.7 | G29: 0.45
A31: Residual mass basis | B31: Initial mass (g) | C31: BOF1 (g) | D31: BOF2 (g) | E31: BOF3 (g) | F31: BOF4 (g) | G31: BOF5 (g) | H31: BOF6 (g)
A32: CaO | B32: =$B$4*10 -> 5.179 | C32: =$B32*(1-$B$24) -> 1.263676 | D32: =$B32*(1-$B$25) -> 1.60549 | E32: =$B32*(1-$B$26) -> 0.93222 | F32: =$B32*(1-$B$27) -> 1.522626 | G32: =$B32*(1-$B$28) -> 2.061242 | H32: =$B32*(1-$B$29) -> 0.46611
A33: Fe | B33: =$B$5*10 -> 1.865 | C33: =$B33*(1-$C$24) -> 1.21225 | D33: =$B33*(1-$C$25) -> 1.1563 | E33: =$B33*(1-$C$26) -> 0.83925 | F33: =$B33*(1-$C$27) -> 1.24955 | G33: =$B33*(1-$C$28) -> 1.3428 | H33: =$B33*(1-$C$29) -> 0.7087
A34: SiO₂ | B34: =$B$6*10 -> 1.13 | C34: =$B34 -> 1.13 | D34: =$B34 -> 1.13 | E34: =$B34 -> 1.13 | F34: =$B34 -> 1.13 | G34: =$B34 -> 1.13 | H34: =$B34 -> 1.13
A35: MgO | B35: =$B$7*10 -> 0.397 | C35: =$B35*(1-$D$24) -> 0.2382 | D35: =$B35*(1-$D$25) -> 0.23026 | E35: =$B35*(1-$D$26) -> 0.16674 | F35: =$B35*(1-$D$27) -> 0.24614 | G35: =$B35*(1-$D$28) -> 0.26202 | H35: =$B35*(1-$D$29) -> 0.13895
A36: MnO | B36: =$B$8*10 -> 0.379 | C36: =$B36*(1-$F$24) -> 0.20845 | D36: =$B36*(1-$F$25) -> 0.20087 | E36: =$B36*(1-$F$26) -> 0.14023 | F36: =$B36*(1-$F$27) -> 0.21982 | G36: =$B36*(1-$F$28) -> 0.24256 | H36: =$B36*(1-$F$29) -> 0.1137
A37: P₂O₅ | B37: =$B$9*10 -> 0.232 | C37: =$B37 -> 0.232 | D37: =$B37 -> 0.232 | E37: =$B37 -> 0.232 | F37: =$B37 -> 0.232 | G37: =$B37 -> 0.232 | H37: =$B37 -> 0.232
A38: Al₂O₃ | B38: =$B$10*10 -> 0.185 | C38: =$B38*(1-$E$24) -> 0.1295 | D38: =$B38*(1-$E$25) -> 0.12395 | E38: =$B38*(1-$E$26) -> 0.0962 | F38: =$B38*(1-$E$27) -> 0.1332 | G38: =$B38*(1-$E$28) -> 0.13875 | H38: =$B38*(1-$E$29) -> 0.08325
A39: V₂O₅ | B39: =$B$11*10 -> 0.095 | C39: =$B39 -> 0.095 | D39: =$B39 -> 0.095 | E39: =$B39 -> 0.095 | F39: =$B39 -> 0.095 | G39: =$B39 -> 0.095 | H39: =$B39 -> 0.095
A40: Cr₂O₃ | B40: =$B$12*10 -> 0.031 | C40: =$B40*(1-$G$24) -> 0.0248 | D40: =$B40*(1-$G$25) -> 0.02325 | E40: =$B40*(1-$G$26) -> 0.0186 | F40: =$B40*(1-$G$27) -> 0.02418 | G40: =$B40*(1-$G$28) -> 0.02542 | H40: =$B40*(1-$G$29) -> 0.01705
A41: S | B41: =$B$13*10 -> 0.006 | C41: =$B41 -> 0.006 | D41: =$B41 -> 0.006 | E41: =$B41 -> 0.006 | F41: =$B41 -> 0.006 | G41: =$B41 -> 0.006 | H41: =$B41 -> 0.006
A42: MoO₃ | B42: =$B$14*10 -> 0.001 | C42: =$B42 -> 0.001 | D42: =$B42 -> 0.001 | E42: =$B42 -> 0.001 | F42: =$B42 -> 0.001 | G42: =$B42 -> 0.001 | H42: =$B42 -> 0.001
A43: Other components | B43: =$B$15*10 -> 0.5 | C43: =$B43 -> 0.5 | D43: =$B43 -> 0.5 | E43: =$B43 -> 0.5 | F43: =$B43 -> 0.5 | G43: =$B43 -> 0.5 | H43: =$B43 -> 0.5
A44: Total residual mass (g) | B44: =SUM(B32:B43) -> 10 | C44: =SUM(C32:C43) -> 5.040876 | D44: =SUM(D32:D43) -> 5.30412 | E44: =SUM(E32:E43) -> 4.15724 | F44: =SUM(F32:F43) -> 5.359516 | G44: =SUM(G32:G43) -> 6.036792 | H44: =SUM(H32:H43) -> 3.49176

Sheet Best and Worst
A1: BOF composition: best and worst Ca-extraction cases | B1: BOF composition: best and worst Ca-extraction cases | C1: BOF composition: best and worst Ca-extraction cases | D1: BOF composition: best and worst Ca-extraction cases
A2: BOF6 is the best case at 91.0% Ca recovery. BOF5 is the worst case at 60.2%. Higher post-extraction percentages of relatively insoluble components indicate relative enrichment, not an increase in their mass.
A5: Component (wt%) | B5: Before extraction | C5: BOF5: worst case | D5: BOF6: best case
A6: ='All Six Tests'!A4 -> CaO | B6: ='All Six Tests'!B4 -> 0.5179 | C6: ='All Six Tests'!G4 -> 0.34144658 | D6: ='All Six Tests'!H4 -> 0.13348856
A7: ='All Six Tests'!A5 -> Fe | B7: ='All Six Tests'!B5 -> 0.1865 | C7: ='All Six Tests'!G5 -> 0.22243602 | D7: ='All Six Tests'!H5 -> 0.20296355
A8: ='All Six Tests'!A6 -> SiO₂ | B8: ='All Six Tests'!B6 -> 0.113 | C8: ='All Six Tests'!G6 -> 0.18718551 | D8: ='All Six Tests'!H6 -> 0.32361903
A9: ='All Six Tests'!A7 -> MgO | B9: ='All Six Tests'!B7 -> 0.0397 | C9: ='All Six Tests'!G7 -> 0.043403848 | D9: ='All Six Tests'!H7 -> 0.039793686
A10: ='All Six Tests'!A8 -> MnO | B10: ='All Six Tests'!B8 -> 0.0379 | C10: ='All Six Tests'!G8 -> 0.040180281 | D10: ='All Six Tests'!H8 -> 0.032562375
A11: ='All Six Tests'!A9 -> P₂O₅ | B11: ='All Six Tests'!B9 -> 0.0232 | C11: ='All Six Tests'!G9 -> 0.038431008 | D11: ='All Six Tests'!H9 -> 0.066442138
A12: ='All Six Tests'!A10 -> Al₂O₃ | B12: ='All Six Tests'!B10 -> 0.0185 | C12: ='All Six Tests'!G10 -> 0.022984062 | D12: ='All Six Tests'!H10 -> 0.023841845
A13: ='All Six Tests'!A11 -> V₂O₅ | B13: ='All Six Tests'!B11 -> 0.0095 | C13: ='All Six Tests'!G11 -> 0.015736835 | D13: ='All Six Tests'!H11 -> 0.02720691
A14: ='All Six Tests'!A12 -> Cr₂O₃ | B14: ='All Six Tests'!B12 -> 0.0031 | C14: ='All Six Tests'!G12 -> 0.0042108458 | D14: ='All Six Tests'!H12 -> 0.0048829244
A15: ='All Six Tests'!A13 -> S | B15: ='All Six Tests'!B13 -> 0.0006 | C15: ='All Six Tests'!G13 -> 0.00099390537 | D15: ='All Six Tests'!H13 -> 0.0017183312
A16: ='All Six Tests'!A14 -> MoO₃ | B16: ='All Six Tests'!B14 -> 0.0001 | C16: ='All Six Tests'!G14 -> 0.0001656509 | D16: ='All Six Tests'!H14 -> 0.00028638853
A17: ='All Six Tests'!A15 -> Other components | B17: ='All Six Tests'!B15 -> 0.05 | C17: ='All Six Tests'!G15 -> 0.082825448 | D17: ='All Six Tests'!H15 -> 0.14319426
A19: Metric | B19: Before extraction | C19: BOF5: worst case | D19: BOF6: best case
A20: Ca recovery | B20: N/A | C20: ='All Six Tests'!G18 -> 0.602 | D20: ='All Six Tests'!H18 -> 0.91
A21: Estimated dry solid mass (g) | B21: ='All Six Tests'!B19 -> 10 | C21: ='All Six Tests'!G19 -> 6.036792 | D21: ='All Six Tests'!H19 -> 3.49176
